股票代码,股票名称
920188,N悦龙
688693,锴威特
301008,宏昌科技
688677,海泰新光
300385,雪浪环境
920078,族兴新材
688308,欧科亿
920576,天力复合
300313,*ST天山
300683,海特生物
688336,三生国健
300961,深水海纳
300900,广联航空
002501,利源股份
300300,海峡创新
600423,柳化股份
600502,安徽建工
002578,闽发铝业
600359,新农开发
601388,怡球资源
000592,平潭发展
002686,亿利达
002675,东诚药业
600955,维远股份
002160,常铝股份
603601,再升科技
003042,中农联合
603538,美诺华
000890,法尔胜
301018,申菱环境
603618,杭电股份
600487,亨通光电
603256,宏和科技
001400,江顺科技
600602,云赛智联
002222,福晶科技
600513,联环药业
002850,科达利
603061,金海通
002980,华盛昌
603016,新宏泰
600343,航天动力
002532,天山铝业
002810,山东赫达
003036,泰坦股份
600598,北大荒
002038,双鹭药业
601068,中铝国际
603585,苏利股份
600996,贵广网络
600152,维科技术
603017,中衡设计
002361,神剑股份
600127,金健米业
002370,亚太药业
002309,中利集团
600488,津药药业
600539,狮头股份
601869,长飞光纤
301153,中科江南
300936,中英科技
603716,塞力医疗
603159,上海亚虹
301005,超捷股份
600845,宝信软件
688272,富吉瑞
301321,翰博高新
000807,云铝股份
301280,珠城科技
002484,江海股份
300677,英科医疗
603356,华菱精工
603876,鼎胜新材
688428,诺诚健华
300337,银邦股份
300461,田中精机
688607,康众医疗
301306,西测测试
000048,京基智农
301015,百洋医药
688257,新锐股份
603897,长城科技
600867,通化东宝
300920,润阳科技
603272,联翔股份
300779,惠城环保
601952,苏垦农发
300457,赢合科技
600345,长江通信
603358,华达科技
002866,传艺科技
600398,海澜之家
600135,乐凯胶片
688288,鸿泉技术
603778,国晟科技
002788,鹭燕医药
600237,铜峰电子
002796,世嘉科技
301526,国际复材
920225,利通科技
688331,荣昌生物
600988,赤峰黄金
601000,唐山港
688059,华锐精密
300585,奥联电子
301230,泓博医药
603271,永杰新材
600522,中天科技
301226,祥明智能
300209,行云科技
000155,川能动力
301377,鼎泰高科
002950,奥美医疗
600595,中孚实业
603211,晋拓股份
688136,科兴制药
920748,路桥信息
000913,钱江摩托
688388,嘉元科技
688323,瑞华泰
600498,烽火通信
300342,天银机电
603023,威帝股份
600540,新赛股份
920087,秋乐种业
600699,均胜电子
688210,统联精密
600219,南山铝业
300952,恒辉安防
301239,普瑞眼科
600105,永鼎股份
000628,高新发展
002859,洁美科技
601702,华峰铝业
688552,航天南湖
603790,雅运股份
603086,先达股份
002149,西部材料
603737,三棵树
301246,宏源药业
002281,光迅科技
603599,广信股份
600313,农发种业
688409,富创精密
688710,益诺思
603886,元祖股份
002858,力盛体育
600099,林海股份
300391,长药退
603122,合富中国
600486,扬农化工
300364,中文在线
920005,鼎佳精密
603639,海利尔
688787,海天瑞声
002988,豪美新材
000833,粤桂股份
603303,得邦照明
605006,山东玻纤
600724,宁波富达
000753,漳州发展
688375,国博电子
002662,峰璟股份
600547,山东黄金
688183,生益电子
301216,万凯新材
603127,昭衍新药
688270,臻镭科技
002413,雷科防务
300580,贝斯特
603093,南华期货
002246,北化股份
300270,中威电子
300746,汉嘉数智
000908,ST景峰
002168,*ST惠程
002634,棒杰股份
002713,*ST东易
000668,*ST荣控
920058,华洋赛车
002024,ST易购
001270,*ST铖昌
000972,*ST中基
605196,华通线缆
603261,*ST立航
002424,ST百灵
002620,ST瑞和
002306,*ST云网
300674,宇信科技
600381,*ST春天
600389,江山股份
300057,万顺新材
002192,融捷股份
000881,中广核技
003026,中晶科技
603360,百傲化学
688450,光格科技
300129,泰胜风能
601600,中国铝业
301529,福赛科技
002064,华峰化学
000612,焦作万方
002342,巨力索具
688163,赛伦生物
002128,电投能源
002181,粤 传 媒
002001,新 和 成
920675,秉扬科技
000975,山金国际
000338,潍柴动力
600284,浦东建设
600506,统一股份
002082,万邦德
301225,恒勃股份
688102,斯瑞新材
300772,运达股份
301232,飞沃科技
000905,厦门港务
688355,明志科技
601677,明泰铝业
688802,沐曦股份-U
600801,华新建材
603606,东方电缆
688657,浩辰软件
600216,浙江医药
002644,佛慈制药
605333,沪光股份
688139,海尔生物
600299,安迪苏
002636,金安国纪
002792,通宇通讯
688117,圣诺生物
002491,通鼎互联
600230,沧州大化
605168,三人行
688682,霍莱沃
688202,美迪西
000546,金圆股份
300301,ST长方
001309,德明利
300204,舒泰神
300093,*ST金刚
603351,威尔药业
300246,宝莱特
301183,东田微
000586,汇源通信
601155,新城控股
600129,太极集团
600110,诺德股份
688630,芯碁微装
000070,特发信息
603279,景津装备
600361,创新新材
300137,先河环保
600371,万向德农
300265,通光线缆
301182,凯旺科技
301613,新铝时代
000506,招金黄金
600151,航天机电
300087,荃银高科
002232,启明信息
301136,招标股份
002471,中超控股
603937,丽岛新材
301333,诺思格
300895,铜牛信息
002772,众兴菌业
688200,华峰测控
300762,上海瀚讯
600489,中金黄金
603387,基蛋生物
600746,江苏索普
000786,北新建材
600315,上海家化
002432,九安医疗
603881,数据港
002731,ST萃华
600731,湖南海利
605090,九丰能源
000998,隆平高科
603165,荣晟环保
600768,宁波富邦
605376,博迁新材
603826,坤彩科技
000933,神火股份
603909,建发合诚
301456,盘古智能
300953,震裕科技
603507,振江股份
001280,中国铀业
600118,中国卫星
300854,中兰环保
002972,科安达
002957,科瑞技术
002531,天顺风能
300499,高澜股份
301200,大族数控
000547,航天发展
301217,铜冠铜箔
300816,艾可蓝
002351,漫步者
688758,赛分科技
300990,同飞股份
002176,江特电机
002956,西麦食品
688251,井松智能
300745,欣锐科技
002824,和胜股份
002709,天赐材料
920640,富士达
688120,华海清科
600557,康缘药业
002929,润建股份
002428,云南锗业
688603,天承科技
603389,*ST亚振
300125,*ST聆达
000505,京粮控股
920706,铁拓机械
688372,伟测科技
301322,绿通科技
603967,中创物流
002955,鸿合科技
301017,漱玉平民
002563,森马服饰
600590,泰豪科技
688065,凯赛生物
603057,紫燕食品
603038,华立股份
601699,潞安环能
688191,智洋创新
300875,捷强装备
688368,晶丰明源
301398,星源卓镁
002379,宏桥控股
001337,四川黄金
300022,吉峰科技
600186,莲花控股
688309,恒誉环保
603077,和邦生物
603685,晨丰科技
600121,郑州煤电
300189,神农种业
002869,金溢科技
300472,*ST新元
300005,探路者
605299,舒华体育
002648,卫星化学
301511,德福科技
600844,金煤科技
300633,开立医疗
300142,沃森生物
600354,敦煌种业
002155,湖南黄金
002025,航天电器
002907,华森制药
605167,利柏特
688350,富淼科技
601969,海南矿业
000911,广农糖业
002758,浙农股份
000659,珠海中富
002384,东山精密
002409,雅克科技
600888,新疆众和
003018,金富科技
600420,国药现代
001339,智微智能
603239,浙江仙通
688053,ST思科瑞
605055,迎丰股份
688012,中微公司
002437,誉衡药业
688679,通源环境
603929,亚翔集成
603838,*ST四通
688387,信科移动-U
300383,光环新网
920403,康农种业
002773,康弘药业
002996,顺博合金
688314,康拓医疗
002637,赞宇科技
300962,中金辐照
600808,马钢股份
301399,英特科技
301228,实朴检测
603345,安井食品
688667,菱电电控
600750,华润江中
688775,影石创新
600879,航天电子
601231,环旭电子
688376,美埃科技
600057,厦门象屿
603970,中农立华
003027,同兴科技
300980,祥源新材
300813,泰林生物
002540,亚太科技
603496,恒为科技
300488,恒锋工具
601069,西部黄金
688019,安集科技
002935,天奥电子
300835,龙磁科技
000830,鲁西化工
600201,生物股份
688081,兴图新科
688523,航天环宇
603903,中持股份
002004,华邦健康
301316,慧博云通
688235,百济神州-U
300565,科信技术
300603,立昂技术
300804,广康生化
301181,标榜股份
300254,仟源医药
002385,大北农
600538,国发股份
601999,出版传媒
301571,国科天成
002293,罗莱生活
000782,恒申新材
603989,艾华集团
002272,川润股份
603489,八方股份
301338,凯格精机
600970,中材国际
003031,中瓷电子
603533,掌阅科技
600802,福建水泥
002642,荣联科技
603075,热威股份
688146,中船特气
002199,*ST东晶
300870,欧陆通
603787,新日股份
300502,新易盛
000672,上峰水泥
300298,三诺生物
920656,海昇药业
000423,东阿阿胶
301568,思泰克
301408,华人健康
603580,*ST艾艾
300139,晓程科技
603255,鼎际得
002571,德力股份
600620,天宸股份
688268,华特气体
600300,维维股份
920045,蘅东光
002945,华林证券
300326,ST凯利
003011,海象新材
603067,振华股份
688150,莱特光电
300136,信维通信
002895,川恒股份
600141,兴发集团
600666,奥瑞德
002759,天际股份
002661,克明食品
301556,托普云农
301162,国能日新
301665,泰禾股份
002734,利民股份
300547,川环科技
688002,睿创微纳
600998,九州通
600713,南京医药
688351,微电生理
605189,富春染织
002588,史丹利
002278,神开股份
300166,东方国信
601857,中国石油
300448,浩云科技
603308,应流股份
300828,锐新科技
300887,谱尼测试
600426,华鲁恒升
000019,深粮控股
688222,成都先导
300249,依米康
605123,派克新材
300798,锦鸡股份
002285,世联行
920116,星图测控
300165,天瑞仪器
002970,锐明技术
600521,华海药业
300786,国林科技
688636,智明达
301557,常友科技
688244,永信至诚
000065,北方国际
002653,海思科
603220,中贝通信
002041,登海种业
000729,燕京啤酒
300553,集智股份
000702,正虹科技
000713,国投丰乐
002201,九鼎新材
300548,长芯博创
603887,城地香江
301550,斯菱智驱
603365,水星家纺
002470,金正大
601598,中国外运
002213,大为股份
601698,中国卫通
600346,恒力石化
600295,鄂尔多斯
001221,悍高集团
002864,盘龙药业
688252,天德钰
000510,新金路
300196,长海股份
001229,魅视科技
688333,铂力特
301307,美利信
300363,博腾股份
600038,中直股份
002603,以岭药业
688618,三旺通信
002313,日海智能
600976,健民集团
300738,奥飞数据
300426,华智数媒
603505,金石资源
603311,金海高科
001359,平安电工
600072,中船科技
001278,一彬科技
688383,新益昌
688069,德林海
002856,美芝股份
688569,铁科轨道
600965,福成股份
920108,宏海科技
688690,纳微科技
600075,新疆天业
300857,协创数据
300143,盈康生命
920121,江天科技
301362,民爆光电
300938,信测标准
300245,天玑科技
002046,国机精工
000739,普洛药业
000032,深桑达Ａ
300016,北陆药业
002289,*ST宇顺
301292,海科新源
000758,中色股份
601187,厦门银行
300328,宜安科技
002455,百川股份
300780,德恩精工
600126,杭钢股份
002739,万达电影
688011,新光光电
920017,星昊医药
600562,国睿科技
300416,苏试试验
300558,贝达药业
300693,盛弘股份
601101,昊华能源
600720,中交设计
002395,双象股份
002372,伟星新材
300571,平治信息
600399,抚顺特钢
603429,*ST集友
001208,华菱线缆
000550,江铃汽车
688720,艾森股份
920047,诺思兰德
920091,大鹏工业
002853,皮阿诺
603196,璞源材料
002305,*ST南置
002903,宇环数控
688480,赛恩斯
001325,元创股份
300885,海昌新材
601339,百隆东方
002793,罗欣药业
603055,台华新材
002258,利尔化学
603305,旭升集团
603076,乐惠国际
301013,利和兴
603120,肯特催化
300503,昊志机电
001367,海森药业
300175,ST朗源
688818,电科蓝天
688072,拓荆科技
603182,嘉华股份
301207,华兰疫苗
002265,建设工业
603375,盛景微
603289,泰瑞机器
301516,中远通
603456,九洲药业
603222,济民健康
600428,中远海特
600191,华资实业
688708,佳驰科技
300331,苏大维格
002080,中材科技
002545,东方铁塔
300395,菲利华
000818,航锦科技
600055,万东医疗
688335,复洁科技
000901,航天科技
300766,每日互动
600007,中国国贸
301148,嘉戎技术
920036,觅睿科技
300212,易华录
603612,索通发展
002760,凤形股份
002062,宏润建设
003022,联泓新科
603527,众源新材
002852,道道全
688107,安路科技
003023,彩虹集团
300489,光智科技
688338,赛科希德
601156,东航物流
002418,康盛股份
000962,东方钽业
002808,*ST恒久
002294,信立泰
300203,聚光科技
002763,汇洁股份
001215,千味央厨
300353,东土科技
301031,中熔电气
603282,亚光股份
600479,千金药业
002202,金风科技
603203,快克智能
603816,顾家家居
000632,三木集团
688513,苑东生物
300775,三角防务
002480,新筑股份
000498,山东路桥
600137,浪莎股份
301295,美硕科技
600708,光明地产
000056,皇庭国际
002391,长青股份
603306,华懋科技
688180,君实生物-U
603915,国茂股份
002849,威星智能
300611,美力科技
601019,山东出版
603225,新凤鸣
002016,世荣兆业
603919,金徽酒
603088,宁波精达
300908,仲景食品
300447,全信股份
601208,东材科技
301108,洁雅股份
002302,西部建设
002043,兔 宝 宝
002233,塔牌集团
301517,陕西华达
001230,劲旅环境
600831,广电网络
301079,邵阳液压
002569,*ST步森
603033,三维股份
600961,株冶集团
600172,黄河旋风
603739,蔚蓝生物
300657,弘信电子
688017,绿的谐波
301667,纳百川
600737,中粮糖业
301058,中粮科工
688003,天准科技
000951,中国重汽
001231,农心科技
002552,宝鼎科技
603400,华之杰
002902,铭普光磁
600338,西藏珠峰
002205,国统股份
301515,港通医疗
002047,*ST宝鹰
603681,永冠新材
301323,新莱福
002119,康强电子
002884,凌霄泵业
300159,*ST新研
301222,浙江恒威
301263,泰恩康
002401,中远海科
600176,中国巨石
603860,中公高科
603083,剑桥科技
600692,亚通股份
003020,立方制药
002679,福建金森
002055,ST得润
301290,东星医疗
603131,上海沪工
300211,*ST亿通
603020,爱普股份
300451,创业慧康
002831,裕同科技
300506,ST名家汇
688600,皖仪科技
002937,兴瑞科技
300667,必创科技
605598,上海港湾
300027,华谊兄弟
002237,恒邦股份
002985,北摩高科
301528,多浦乐
000793,*ST华闻
000501,武商集团
603858,步长制药
600721,百花医药
600298,安琪酵母
600033,福建高速
300343,ST联创
001324,长青科技
601020,华钰矿业
600232,金鹰股份
002077,大港股份
688234,天岳先进
301093,华兰股份
000930,中粮科技
600812,华北制药
300452,山河药辅
603162,海通发展
000752,ST西发
002771,真视通
603698,航天工程
600078,澄星股份
600227,赤天化
688668,鼎通科技
600929,雪天盐业
002550,千红制药
603138,海量数据
002069,獐子岛
603316,诚邦股份
603629,利通电子
002446,盛路通信
688356,键凯科技
301629,矽电股份
301310,鑫宏业
688282,理工导航
600783,鲁信创投
300244,迪安诊断
002318,久立特材
600351,亚宝药业
002406,远东传动
002738,中矿资源
000892,欢瑞世纪
605088,冠盛股份
603021,ST华鹏
002682,龙洲股份
300629,新劲刚
003033,征和工业
300184,力源信息
002229,鸿博股份
600936,北投科技
300943,春晖智控
600382,广东明珠
003038,鑫铂股份
603103,横店影视
000615,*ST美谷
000596,古井贡酒
600196,复星医药
002725,跃岭股份
002795,永和智控
603060,国检集团
300654,世纪天鸿
920223,荣亿精密
603638,艾迪精密
000039,中集集团
600223,福瑞达
002847,盐津铺子
600493,凤竹纺织
688090,瑞松科技
301201,诚达药业
605222,起帆电缆
002749,国光股份
002677,浙江美大
000568,泸州老窖
002250,联化科技
601886,江河集团
603288,海天味业
000028,国药一致
300593,新雷能
002572,索菲亚
603367,辰欣药业
002324,普利特
002702,海欣食品
600166,福田汽车
920099,瑞华技术
688456,有研粉材
000797,中国武夷
688718,唯赛勃
601212,白银有色
300945,曼卡龙
600380,健康元
002151,北斗星通
688545,兴福电子
003009,中天火箭
601100,恒立液压
000935,四川双马
301680,固德电材
002842,翔鹭钨业
000597,东北制药
600855,航天长峰
301067,显盈科技
002263,大东南
600301,华锡有色
688221,前沿生物-U
000153,丰原药业
300685,艾德生物
600916,中国黄金
603227,雪峰科技
600901,江苏金租
920006,晟楠科技
002494,华斯股份
603163,圣晖集成
002716,湖南白银
920159,农大科技
002221,东华能源
002382,蓝帆医疗
603111,康尼机电
002332,仙琚制药
600528,中铁工业
600566,济川药业
601137,博威合金
600967,内蒙一机
601992,金隅集团
002999,天禾股份
603985,恒润股份
600282,南钢股份
002412,汉森制药
002440,闰土股份
600310,广西能源
603098,森特股份
301180,万祥科技
002371,北方华创
603966,法兰泰克
600267,海正药业
688786,悦安新材
300759,康龙化成
002883,中设股份
688562,航天软件
301117,佳缘科技
002508,老板电器
605296,神农集团
002917,金奥博
300065,海兰信
603322,超讯通信
002901,大博医疗
002976,瑞玛精密
000990,诚志股份
002879,长缆科技
300443,金雷股份
002051,中工国际
002316,亚联发展
601398,工商银行
300414,中光防雷
002275,桂林三金
301520,万邦医药
300575,中旗股份
603516,淳中科技
600572,康恩贝
300921,南凌科技
300567,精测电子
600872,中炬高新
300929,华骐环保
603150,万朗磁塑
300455,航天智装
600422,昆药集团
600663,陆家嘴
002519,银河电子
300387,富邦科技
688078,龙软科技
688290,景业智能
002107,沃华医药
300839,博汇股份
000561,烽火电子
002383,合众思壮
600594,益佰制药
301063,海锅股份
300511,雪榕生物
603960,克来机电
002925,盈趣科技
002171,楚江新材
002283,天润工业
688291,金橙子
002261,拓维信息
300199,翰宇药业
002900,哈三联
688216,气派科技
002328,新朋股份
300996,普联软件
002580,圣阳股份
601777,千里科技
688269,凯立新材
600350,山东高速
605365,立达信
920961,创远信科
002008,大族激光
688702,盛科通信-U
301028,鼎熔岩
600531,豫光金铅
600206,有研新材
600113,浙江东日
300636,同和药业
601919,中远海控
002170,芭田股份
600418,江淮汽车
003007,直真科技
603987,康德莱
603558,健盛集团
001338,永顺泰
300516,久之洋
001218,丽臣实业
002115,三维通信
301138,华研精机
002727,一心堂
603321,梅轮电梯
688337,普源精电
603218,日月股份
002942,新农股份
688215,瑞晟智能
003043,华亚智能
688361,中科飞测
603855,华荣股份
600285,羚锐制药
301395,仁信新材
002705,新宝股份
002111,威海广泰
603882,金域医学
000889,中嘉博创
301317,鑫磊股份
603696,安记食品
002876,三利谱
688373,盟科药业-U
600228,*ST返利
603856,东宏股份
600490,鹏欣资源
301118,恒光股份
301285,鸿日达
000029,深深房Ａ
300397,天和防务
601328,交通银行
000902,新洋丰
600336,澳柯玛
920790,联迪信息
300923,研奥股份
300109,新开源
603327,福蓉科技
603168,莎普爱思
300026,红日药业
603798,康普顿
600977,中国电影
601988,中国银行
600827,百联股份
600316,洪都航空
001267,汇绿生态
600755,厦门国贸
300644,南京聚隆
002312,川发龙蟒
002905,金逸影视
301035,润丰股份
300721,怡达股份
920207,众诚科技
600803,新奥股份
301170,锡南科技
000950,重药控股
002978,安宁股份
600985,淮北矿业
688016,心脉医疗
603565,中谷物流
688508,芯朋微
000987,越秀资本
300878,维康药业
000877,天山股份
603587,地素时尚
300964,本川智能
600897,厦门空港
002860,星帅尔
688393,安必平
301021,英诺激光
300661,圣邦股份
300723,一品红
688543,国科军工
605566,福莱蒽特
000919,金陵药业
600589,大位科技
601233,桐昆股份
001287,中电港
603899,晨光股份
002349,精华制药
603357,设计总院
600511,国药股份
603317,天味食品
603757,大元泵业
603626,科森科技
002315,焦点科技
605567,春雪食品
002174,游族网络
603939,益丰药房
600756,浪潮软件
300697,电工合金
300700,岱勒新材
000701,厦门信达
603325,博隆技术
002780,三夫户外
600850,电科数字
688006,杭可科技
600818,中路股份
600265,ST景谷
603661,恒林股份
301076,新瀚新材
688619,罗普特
000788,北大医药
688586,江航装备
600776,东方通信
600797,浙大网新
600693,东百集团
603668,天马科技
000928,中钢国际
603398,*ST沐邦
920866,绿亨科技
600066,宇通客车
603087,甘李药业
688143,长盈通
300725,药石科技
603041,美思德
300404,博济医药
000716,黑芝麻
601579,会稽山
000422,湖北宜化
002014,永新股份
603285,键邦股份
000778,新兴铸管
301429,森泰股份
301206,三元生物
603515,欧普照明
002871,伟隆股份
600734,实达集团
300741,华宝股份
300832,新产业
600501,航天晨光
301097,天益医疗
002389,航天彩虹
300986,志特新材
600177,雅戈尔
600125,铁龙物流
600308,华泰股份
920183,海菲曼
603557,ST起步
000738,航发控制
600063,皖维高新
600829,人民同泰
300132,青松股份
002694,顾地科技
600419,天润乳业
688045,必易微
002132,恒星科技
300994,久祺股份
301210,金杨精密
002941,新疆交建
688085,三友医疗
002216,三全食品
300357,我武生物
301073,君亭酒店
000589,贵州轮胎
300999,金龙鱼
603519,立霸股份
301592,六九一二
688198,佰仁医疗
603590,康辰药业
000737,北方铜业
688322,奥比中光-UW
603237,五芳斋
000078,海王生物
300092,科新机电
002173,创新医疗
002330,得利斯
600596,新安股份
002078,太阳纸业
603179,新泉股份
001219,青岛食品
688062,迈威生物-U
300868,杰美特
300970,华绿生物
605016,百龙创园
301258,富士莱
688367,工大高科
002166,莱茵生物
688796,百奥赛图
002818,富森美
605098,行动教育
300904,威力传动
600980,北矿科技
603045,福达合金
002846,英联股份
300226,上海钢联
000593,德龙汇能
002887,绿茵生态
000553,安道麦A
605001,威奥股份
603001,奥康国际
002755,奥赛康
300063,天龙集团
688315,诺禾致源
000761,本钢板材
300909,汇创达
002963,豪尔赛
300628,亿联网络
688391,钜泉科技
601996,丰林集团
688568,中科星图
603956,威派格
920735,德源药业
920509,同惠电子
300871,回盛生物
300888,稳健医疗
600064,南京高科
603701,德宏股份
920885,星辰科技
300409,道氏技术
688418,震有科技
600276,恒瑞医药
688709,成都华微
603207,小方制药
601798,蓝科高新
002326,永太科技
688130,晶华微
688265,南模生物
002757,南兴股份
600252,中恒集团
301007,德迈仕
603200,上海洗霸
601015,陕西黑猫
920029,开发科技
001360,南矿集团
300009,安科生物
301050,雷电微力
600028,中国石化
000820,*ST节能
600456,宝钛股份
920179,凯德石英
002287,奇正藏药
600668,尖峰集团
603598,引力传媒
600753,*ST海钦
688119,中钢洛耐
600073,光明肉业
002489,浙江永强
601963,重庆银行
601921,浙版传媒
002327,富安娜
603275,众辰科技
300149,睿智医药
603029,天鹅股份
002829,星网宇达
002458,益生股份
300394,天孚通信
002114,罗平锌电
002696,百洋股份
002198,嘉应制药
603877,太平鸟
605077,华康股份
000719,中原传媒
300102,乾照光电
920924,广脉科技
920445,龙竹科技
000705,浙江震元
301157,华塑科技
000848,承德露露
300645,正元智慧
300809,华辰装备
002732,燕塘乳业
000751,锌业股份
000513,丽珠集团
002092,中泰化学
300428,立中集团
603938,三孚股份
603310,巍华新材
300761,立华股份
001389,广合科技
601229,上海银行
002863,今飞凯达
301287,康力源
002344,海宁皮城
603669,灵康药业
688530,欧莱新材
603277,银都股份
300485,赛升药业
920819,颖泰生物
603108,润达医疗
301276,嘉曼服饰
601003,柳钢股份
603231,索宝蛋白
000708,中信特钢
300261,雅本化学
002513,蓝丰生化
002083,孚日股份
300247,融捷健康
300905,宝丽迪
600585,海螺水泥
600019,宝钢股份
002465,海格通信
301413,安培龙
601088,中国神华
300550,和仁科技
002348,高乐股份
301139,元道通信
600056,中国医药
300205,*ST天喻
301252,同星科技
600689,上海三毛
002399,海普瑞
300053,航宇微
000603,盛达资源
301176,逸豪新材
600992,贵绳股份
600195,中牧股份
301123,奕东电子
688799,华纳药厂
300590,移为通信
603810,丰山集团
002419,天虹股份
301251,威尔高
688010,福光股份
600271,航天信息
301229,纽泰格
002044,美年健康
600814,杭州解百
603833,欧派家居
000650,仁和药业
605338,巴比食品
688311,盟升电子
600796,钱江生化
300003,乐普医疗
600051,宁波联合
000529,广弘控股
002003,伟星股份
603273,天元智能
688128,中国电研
600873,梅花生物
601636,旗滨集团
000895,双汇发展
300101,振芯科技
603006,联明股份
002848,*ST高斯
603676,卫信康
300030,阳普医疗
301533,威马农机
002474,榕基软件
688060,云涌科技
301522,上大股份
688206,概伦电子
002835,同为股份
920028,新恒泰
688166,博瑞医药
002539,云图控股
002375,亚厦股份
002687,乔治白
603707,健友股份
603233,大参林
600774,汉商集团
002182,宝武镁业
002643,万润股份
603730,岱美股份
301020,密封科技
002587,奥拓电子
920405,海希通讯
600182,S佳通
603278,大业股份
600039,四川路桥
000429,粤高速Ａ
600601,方正科技
600096,云天化
300453,三鑫医疗
601825,沪农商行
603072,天和磁材
688505,复旦张江
600353,旭光电子
002873,新天药业
300906,日月明
605008,长鸿高科
002656,*ST摩登
002331,皖通科技
300676,华大基因
603567,珍宝岛
603115,海星股份
603125,常青科技
603173,福斯达
000798,中水渔业
300568,星源材质
603658,安图生物
001387,雪祺电气
001379,腾达科技
600444,国机通用
002536,飞龙股份
600231,凌钢股份
300916,朗特智能
002178,延华智能
300846,首都在线
001217,华尔泰
300727,润禾材料
600288,大恒科技
002262,恩华药业
000060,中金岭南
002407,多氟多
002565,顺灏股份
002264,新 华 都
301026,浩通科技
002589,瑞康医药
301040,中环海陆
000859,国风新材
301103,何氏眼科
600704,物产中大
603018,华设集团
688004,博汇科技
000999,华润三九
600835,上海机电
002737,葵花药业
002882,金龙羽
300972,万辰集团
688199,久日新材
002911,佛燃能源
002628,成都路桥
300785,值得买
688118,普元信息
000932,华菱钢铁
002674,兴业科技
600612,老凤祥
002100,天康生物
688468,科美诊断
603085,天成自控
603508,思维列控
002467,二六三
601279,英利汽车
600987,航民股份
601949,中国出版
601107,四川成渝
301320,豪江智能
603171,税友股份
000156,华数传媒
603009,北特科技
002343,慈文传媒
301559,中集环科
300020,ST银江
605158,华达新材
002161,远 望 谷
603156,养元饮品
603409,汇通控股
002373,千方科技
300609,汇纳科技
301092,争光股份
601566,九牧王
301086,鸿富瀚
002821,凯莱英
002802,洪汇新材
688358,祥生医疗
605199,ST葫芦娃
002390,信邦制药
600975,新五丰
300045,华力创通
603980,吉华集团
688098,申联生物
002414,高德红外
688196,卓越新能
300966,共同药业
002381,双箭股份
603995,甬金股份
002321,华英农业
002317,众生药业
603633,徕木股份
603708,家家悦
301209,联合化学
301198,喜悦智行
605118,力鼎光电
605499,东鹏饮料
300851,交大思诺
603201,常润股份
600573,惠泉啤酒
002304,洋河股份
301387,光大同创
002274,华昌化工
002671,龙泉股份
601168,西部矿业
603276,恒兴新材
688515,裕太微-U
600235,民丰特纸
002594,比亚迪
002081,金 螳 螂
601975,招商南油
603283,赛腾股份
603458,勘设股份
300539,横河精密
605266,健之佳
603137,恒尚节能
000563,陕国投Ａ
003008,开普检测
688478,晶升股份
688306,均普智能
603368,柳药集团
000570,苏常柴Ａ
300055,万邦达
000858,五 粮 液
688238,和元生物
603330,天洋新材
601225,陕西煤业
002982,湘佳股份
600507,方大特钢
603198,迎驾贡酒
300886,华业香料
601456,国联民生
600497,驰宏锌锗
603177,德创环保
300760,迈瑞医疗
001279,强邦新材
002561,徐家汇
300564,筑博设计
600062,华润双鹤
603729,龙韵股份
603569,长久物流
300660,江苏雷利
603976,正川股份
688539,高华科技
002481,双塔食品
000813,德展健康
000419,通程控股
301255,通力科技
300017,网宿科技
002138,顺络电子
601900,南方传媒
002392,北京利尔
300601,康泰生物
002762,*ST金比
301069,凯盛新材
301448,开创电气
600893,航发动力
301299,卓创资讯
603809,豪能股份
301277,新天地
603916,苏博特
603680,今创集团
000709,河钢股份
002295,精艺股份
300490,华自科技
301171,易点天下
002774,快意电梯
600015,华夏银行
300237,ST美晨
301536,星宸科技
300584,海辰药业
002799,环球印务
300253,卫宁健康
002299,圣农发展
603132,金徽股份
000952,广济药业
603100,川仪股份
600476,湘邮科技
000408,藏格矿业
601098,中南传媒
000411,英特集团
300981,中红医疗
688795,摩尔线程-U
600613,神奇制药
600782,新钢股份
002007,华兰生物
300604,长川科技
000401,金隅冀东
600866,星湖科技
002144,宏达高科
600108,亚盛集团
000430,ST张家界
603214,爱婴室
300210,森远股份
603188,亚邦股份
003002,壶化股份
002811,郑中设计
603037,凯众股份
688766,普冉股份
600211,西藏药业
300747,锐科激光
300434,金石亚药
688190,云路股份
002338,奥普光电
300152,ST新动力
002179,中航光电
603073,彩蝶实业
300778,新城市
600865,百大集团
600545,卓郎智能
002148,北纬科技
000669,ST金鸿
301080,百普赛斯
601801,皖新传媒
301167,建研设计
601858,中国科传
003012,东鹏控股
300417,南华仪器
003029,吉大正元
605177,东亚药业
600616,金枫酒业
600760,中航沈飞
300803,指南针
300006,莱美药业
001366,播恩集团
688776,国光电气
300352,北信源
600305,恒顺醋业
300695,兆丰股份
603270,金帝股份
002556,辉隆股份
688170,德龙激光
600161,天坛生物
603901,永创智能
002913,奥士康
301388,欣灵电气
002825,纳尔股份
600217,中再资环
688739,成大生物
002398,垒知集团
605186,健麾信息
600358,ST联合
300800,力合科技
002650,ST加加
688511,*ST天微
002670,国盛证券
600933,爱柯迪
600410,华胜天成
300290,荣科科技
300058,蓝色光标
688365,光云科技
002678,珠江钢琴
603266,天龙股份
300971,博亚精工
301587,中瑞股份
300179,四方达
600887,伊利股份
600117,西宁特钢
301297,富乐德
600989,宝丰能源
601968,宝钢包装
300267,尔康制药
603738,泰晶科技
002827,高争民爆
603908,牧高笛
002188,中天服务
605599,菜百股份
002783,凯龙股份
600326,西藏天路
600883,博闻科技
000686,东北证券
002297,博云新材
688113,联测科技
601939,建设银行
000633,合金投资
300771,智莱科技
603717,天域生物
000301,东方盛虹
600386,北巴传媒
603883,老百姓
601899,紫金矿业
000790,华神科技
000756,新华制药
002655,共达电声
002172,澳洋健康
002567,唐人神
000548,湖南投资
301611,珂玛科技
300146,汤臣倍健
001330,博纳影业
600639,浦东金桥
601898,中煤能源
001380,华纬科技
600710,苏美达
603506,南都物业
002347,泰尔股份
688026,洁特生物
603867,新化股份
002697,红旗连锁
301500,飞南资源
300042,朗科科技
002728,特一药业
000969,安泰科技
688362,甬矽电子
002785,万里石
601607,上海医药
603648,畅联股份
920247,华密新材
002946,新乳业
603948,建业股份
688093,世华科技
000573,粤宏远Ａ
600183,生益科技
301130,西点药业
002190,成飞集成
300181,佐力药业
603205,健尔康
603000,人民网
301509,金凯生科
000404,长虹华意
600246,万通发展
601106,中国一重
601005,重庆钢铁
000906,浙商中拓
920174,五新隧装
000715,中兴商业
001696,宗申动力
002639,雪人集团
001368,通达创智
688112,鼎阳科技
601997,贵阳银行
601990,南京证券
002832,比音勒芬
301390,经纬股份
920169,七丰精工
000409,云鼎科技
603536,惠发食品
601958,金钼股份
600894,广日股份
002735,王子新材
000100,TCL科技
300864,南大环境
000762,西藏矿业
603895,天永智能
600059,古越龙山
605056,咸亨国际
000630,铜陵有色
688548,广钢气体
600861,北京人力
920075,柏星龙
603258,电魂网络
300765,新诺威
300713,英可瑞
603281,江瀚新材
600179,安通控股
601399,国机重装
688213,思特威-W
002524,光正眼科
301608,博实结
301446,福事特
603808,歌力思
688750,金天钛业
301025,读客文化
300091,*ST金灵
600679,上海凤凰
002215,诺 普 信
605339,南侨食品
300318,博晖创新
603518,锦泓集团
000525,红太阳
002557,洽洽食品
300479,神思电子
000521,长虹美菱
300582,英飞特
601788,光大证券
600990,四创电子
001313,粤海饲料
300830,金现代
600597,光明乳业
600606,绿地控股
603193,润本股份
600556,天下秀
301101,明月镜片
603718,海利生物
600673,东阳光
605288,凯迪股份
301002,崧盛股份
002020,京新药业
603167,渤海轮渡
002789,*ST建艺
601333,广深铁路
603977,国泰集团
300730,科创信息
002812,恩捷股份
603466,风语筑
301682,C宏明
300841,康华生物
603395,红四方
301359,东南电子
603500,祥和实业
300586,美联新材
300500,启迪设计
002695,煌上煌
603779,威龙股份
600519,贵州茅台
301012,扬电科技
301353,普莱得
002722,物产金轮
300973,立高食品
600807,济高发展
300497,富祥药业
600088,中视传媒
300931,通用电梯
000503,国新健康
688091,上海谊众
603048,浙江黎明
300015,爱尔眼科
601577,长沙银行
002393,力生制药
688182,灿勤科技
002462,嘉事堂
300123,亚光科技
688570,天玛智控
002363,隆基机械
301202,朗威股份
003017,大洋生物
603988,中电电机
002566,益盛药业
300154,瑞凌股份
600963,岳阳林纸
603332,苏州龙杰
301131,聚赛龙
000657,中钨高新
002611,东方精工
300177,中海达
603786,科博达
688037,芯源微
600592,龙溪股份
301418,协昌科技
603602,纵横通信
300612,宣亚国际
002374,中锐股份
001308,康冠科技
002279,久其软件
601609,金田股份
688217,睿昂基因
000410,沈阳机床
301331,恩威医药
300625,三雄极光
000955,欣龙控股
603390,通达电气
603800,洪田股份
300907,康平科技
600662,外服控股
300997,欢乐家
600775,南京熊猫
000850,华茂股份
000816,智慧农业
000949,新乡化纤
601061,中信金属
300643,万通智控
601811,新华文轩
600848,上海临港
600926,杭州银行
605116,奥锐特
600255,鑫科材料
000882,华联股份
000736,*ST中地
603866,桃李面包
000504,*ST生物
600729,重庆百货
600664,哈药股份
301267,华厦眼科
000931,中 关 村
600641,先导基电
688687,凯因科技
002878,元隆雅图
688197,首药控股-U
301468,博盈特焊
301098,金埔园林
605138,盛泰集团
001318,阳光乳业
300722,新余国科
600356,恒丰纸业
920396,常辅股份
603609,禾丰股份
300913,兆龙互连
003025,思进智能
600210,紫江企业
301072,中捷精工
301539,宏鑫科技
002400,省广集团
000869,张  裕Ａ
300012,华测检测
001255,博菲电气
600360,*ST华微
688181,八亿时空
603153,上海建科
300220,金运激光
001319,铭科精技
600518,康美药业
300656,民德电子
002259,升达林业
300600,国瑞科技
002669,康达新材
002469,三维化学
601006,大秦铁路
000910,大亚圣象
600777,*ST新潮
300478,杭州高新
605089,味知香
603326,我乐家居
603051,鹿山新材
002908,德生科技
688389,普门科技
600203,福日电子
000566,海南海药
688380,中微半导
688071,华依科技
002719,麦趣尔
002743,富煌钢构
300522,世名科技
002921,联诚精密
688089,嘉必优
002098,浔兴股份
002303,美盈森
300640,德艺文创
600348,华阳股份
002651,利君股份
601009,南京银行
603917,合力科技
300534,陇神戎发
300581,晨曦航空
601216,君正集团
300796,贝斯美
301070,开勒股份
603331,百达精工
600433,冠豪高新
301397,溯联股份
600790,轻纺城
001296,长江材料
603386,骏亚科技
301256,华融化学
301019,宁波色母
688247,宣泰医药
300792,壹网壹创
301630,同宇新材
002368,太极股份
600728,佳都科技
002141,贤丰控股
000989,九芝堂
600771,广誉远
300602,飞荣达
000034,神州数码
300182,捷成股份
002159,三特索道
603194,中力股份
002597,金禾实业
600459,贵研铂业
300519,新光药业
601686,友发集团
920953,国子软件
300726,宏达电子
600016,民生银行
002184,海得控制
301552,科力装备
300358,楚天科技
600877,电科芯片
300537,广信材料
600523,贵航股份
002867,周大生
688466,金科环境
003013,地铁设计
603380,易德龙
603081,大丰实业
002688,金河生物
002022,科华生物
600884,杉杉股份
603335,迪生力
000652,泰达股份
688087,英科再生
600623,华谊集团
002817,黄山胶囊
688297,中无人机
000428,华天酒店
600229,城市传媒
603586,金麒麟
600833,第一医药
301032,新柴股份
301066,万事利
600197,伊力特
688209,英集芯
600202,哈空调
301458,钧崴电子
601116,三江购物
000707,双环科技
603350,安乃达
000876,新 希 望
300194,福安药业
300621,维业股份
002117,东港股份
600648,外高桥
003000,劲仔食品
600508,上海能源
301189,奥尼电子
605166,聚合顺
300651,金陵体育
605009,豪悦护理
002076,*ST星光
002029,七 匹 狼
002977,天箭科技
301337,亚华电子
301591,肯特股份
002641,公元股份
301156,美农生物
600109,国金证券
603301,振德医疗
603788,宁波高发
002609,捷顺科技
002027,分众传媒
600482,中国动力
002703,浙江世宝
603978,深圳新星
300639,凯普生物
300812,易天股份
300807,天迈科技
600400,红豆股份
600757,长江传媒
002676,顺威股份
300627,华测导航
688020,方邦股份
603529,爱玛科技
601113,华鼎股份
688070,纵横股份
301486,致尚科技
000623,吉林敖东
688212,澳华内镜
000981,山子高科
300021,大禹节水
603336,宏辉果蔬
002291,遥望科技
688502,茂莱光学
301584,建发致新
688015,交控科技
603010,万盛股份
603990,麦迪科技
000825,太钢不锈
000800,一汽解放
603385,惠达卫浴
002839,张家港行
000997,新 大 陆
301336,趣睡科技
002042,华孚时尚
002601,龙佰集团
603829,洛凯股份
688239,航宇科技
301163,宏德股份
301173,毓恬冠佳
301039,中集车辆
002990,盛视科技
688426,康为世纪
300289,利德曼
002807,江阴银行
600559,老白干酒
300821,东岳硅材
301332,德尔玛
600718,东软集团
300758,七彩化学
001227,兰州银行
688510,航亚科技
603699,纽威股份
600132,重庆啤酒
300985,致远新能
688626,翔宇医疗
600938,中国海油
001209,洪兴股份
603183,建研院
300291,百纳千成
002300,太阳电缆
603636,南威软件
603797,联泰环保
600095,湘财股份
300893,松原安全
600079,ST人福
603662,柯力传感
000953,河化股份
002093,国脉科技
603119,浙江荣泰
301519,舜禹股份
002369,卓翼科技
300615,欣天科技
300935,盈建科
002830,名雕股份
002586,ST围海
002591,恒大高新
300107,建新股份
003037,三和管桩
600880,博瑞传播
601668,中国建筑
301368,丰立智能
601928,凤凰传媒
601799,星宇股份
600697,欧亚集团
688105,诺唯赞
688171,纬德信息
920060,万源通
300928,华安鑫创
920493,并行科技
000030,富奥股份
000665,湖北广电
002088,鲁阳节能
605319,无锡振华
600470,六国化工
600711,盛屯矿业
603703,盛洋科技
600018,上港集团
000426,兴业银锡
601816,京沪高铁
300008,天海防务
688809,强一股份
601658,邮储银行
920566,梓橦宫
600189,泉阳泉
600854,春兰股份
603320,迪贝电气
002335,科华数据
300669,沪宁股份
002779,中坚科技
300717,华信新材
600816,建元信托
920019,铜冠矿建
603488,展鹏科技
600266,城建发展
600332,白云山
300217,东方电热
300901,中胤时尚
605133,嵘泰股份
300250,初灵信息
603172,万丰股份
002584,西陇科学
603329,上海雅仕
300562,乐心医疗
002460,赣锋锂业
002607,中公教育
003003,天元股份
300150,世纪瑞尔
000710,贝瑞基因
605151,西上海
301479,弘景光电
688419,耐科装备
002889,东方嘉盛
603767,中马传动
002712,思美传媒
603192,汇得科技
300112,万讯自控
600551,时代出版
002593,日上集团
002923,润都股份
000008,神州高铁
300527,ST应急
002058,*ST威尔
002998,优彩资源
603896,寿仙谷
002819,东方中科
600525,ST长园
001306,夏厦精密
600779,水井坊
603035,常熟汽饰
601007,金陵饭店
300692,中赋科技
300507,苏奥传感
003016,欣贺股份
300272,开能健康
300557,理工光科
002622,皓宸医疗
301132,满坤科技
601860,紫金银行
603535,嘉诚国际
920018,宏远股份
600198,大唐电信
605058,澳弘电子
002240,盛新锂能
688033,天宜新材
688621,阳光诺和
603439,三力制药
600558,大西洋
002365,永安药业
688285,高铁电气
688237,超卓航科
300382,斯莱克
300715,凯伦股份
603667,五洲新春
603663,三祥新材
600789,鲁抗医药
688432,有研硅
002943,宇晶股份
603215,比依股份
600081,东风科技
300705,九典制药
300583,赛托生物
603116,红蜻蜓
603096,新经典
002010,传化智联
002940,昂利康
002574,明牌珠宝
002968,新大正
002247,聚力文化
600080,金花股份
002899,英派斯
603378,亚士创能
603928,兴业股份
300662,科锐国际
300689,澄天伟业
300634,彩讯股份
000031,大悦城
600366,宁波韵升
002721,金一文化
002915,中欣氟材
000795,英洛华
603129,春风动力
002486,嘉麟杰
920427,华维设计
605180,华生科技
000963,华东医药
000518,*ST四环
000560,我爱我家
603011,合锻智能
603042,华脉科技
300937,药易购
001225,和泰机电
002239,奥特佳
600918,中泰证券
600939,重庆建工
002746,仙坛股份
300033,同花顺
000538,云南白药
002206,海 利 得
000909,ST数源
603912,佳力图
601608,中信重工
300122,智飞生物
301585,蓝宇股份
920001,纬达光电
301393,昊帆生物
002614,奥佳华
002752,昇兴股份
002632,道明光学
002223,鱼跃医疗
603091,众鑫股份
002715,登云股份
300110,华仁药业
601916,浙商银行
000768,中航西飞
300429,强力新材
600843,上工申贝
601818,光大银行
603052,可川科技
002187,广百股份
300471,厚普股份
600906,财达证券
601956,东贝集团
600778,友好集团
002026,山东威达
002035,华帝股份
603596,伯特利
600826,兰生股份
300279,和晶科技
600303,曙光股份
920670,数字人
301372,科净源
688722,同益中
301578,辰奕智能
600352,浙江龙盛
600561,江西长运
300699,光威复材
600455,博通股份
002102,能特科技
600248,陕建股份
000663,永安林业
601228,广州港
300573,兴齐眼药
000017,深中华A
601077,渝农商行
603600,永艺股份
688585,上纬新材
301288,*ST清研
688023,安恒信息
688179,阿拉丁
603719,良品铺子
301595,太力科技
002194,武汉凡谷
000726,鲁  泰Ａ
600927,永安期货
688765,禾元生物-U
603999,读者传媒
001266,宏英智能
600822,上海物贸
603511,爱慕股份
600682,南京新百
002430,杭氧股份
603004,鼎龙科技
002154,报 喜 鸟
300967,晓鸣股份
002673,西部证券
300176,鸿特科技
002640,跨境通
601128,常熟银行
300569,天能重工
600409,三友化工
002528,ST英飞拓
603755,日辰股份
603383,顶点软件
688578,艾力斯
002816,*ST和科
002510,天汽模
002551,尚荣医疗
300529,健帆生物
600158,中体产业
000582,北部湾港
600256,广汇能源
002073,软控股份
600178,东安动力
300545,联得装备
600739,辽宁成大
603839,安正时尚
002191,劲嘉股份
603588,高能环境
603868,飞科电器
002685,华东重机
300946,恒而达
301199,迈赫股份
603377,ST东时
002986,宇新股份
300637,扬帆新材
688307,中润光学
002820,桂发祥
688160,步科股份
600362,江西铜业
600702,舍得酒业
300283,温州宏丰
000676,智度股份
002228,合兴包装
301381,赛维时代
000728,国元证券
002397,梦洁股份
603178,圣龙股份
300421,力星股份
301047,义翘神州
688189,南新制药
301111,粤万年青
301053,远信工业
601933,永辉超市
603012,创力集团
603005,晶方科技
300213,佳讯飞鸿
603619,中曼石油
002061,浙江交科
688611,杭州柯林
300810,中科海讯
002248,华东数控
300121,阳谷华泰
603528,多伦科技
002646,天佑德酒
300078,思创智联
603997,继峰股份
300719,安达维尔
603230,内蒙新华
301001,凯淳股份
600853,龙建股份
300528,幸福蓝海
600496,精工钢构
002493,荣盛石化
300427,红相股份
688092,爱科科技
002454,松芝股份
600184,光电股份
603015,弘讯科技
600373,中文传媒
600309,万华化学
301282,金禄电子
301311,昆船智能
300424,航新科技
300642,透景生命
002775,文科股份
001396,誉帆科技
002019,亿帆医药
601838,成都银行
300354,东华测试
603082,北自科技
000608,*ST阳光
002912,中新赛克
603339,四方科技
688325,赛微微电
920098,科隆新材
688728,格科微
300755,华致酒行
600130,*ST波导
688719,爱科赛博
601066,中信建投
600115,中国东航
920089,禾昌聚合
300049,福瑞医科
300236,上海新阳
300597,吉大通信
920407,驰诚股份
002690,美亚光电
300115,长盈精密
301233,盛帮股份
601985,中国核电
603926,铁流股份
300784,利安科技
300783,三只松鼠
603869,ST智知
600738,丽尚国潮
002032,苏 泊 尔
300965,恒宇信通
000557,西部创业
001288,运机集团
300599,雄塑科技
002654,万润科技
300081,恒信东方
600520,三佳科技
300402,宝色股份
603315,福鞍股份
920971,天马新材
603066,音飞储存
002948,青岛银行
688281,华秦科技
300359,全通教育
000733,振华科技
301116,益客食品
603589,口子窖
300071,福石控股
301166,优宁维
600375,汉马科技
002701,奥瑞金
688001,华兴源创
301048,金鹰重工
000948,南天信息
605060,联德股份
688379,华光新材
688557,兰剑智能
600645,中源协和
300412,迦南科技
300311,ST任子行
605398,新炬网络
300735,光弘科技
688608,恒玄科技
603206,嘉环科技
301213,观想科技
600983,惠而浦
300218,安利股份
688185,康希诺
688528,秦川物联
688535,华海诚科
002840,华统股份
000661,长春高新
688283,坤恒顺维
603176,汇通集团
600825,新华传媒
688729,屹唐股份
601169,北京银行
300709,精研科技
300275,梅安森
603768,常青股份
601002,晋亿实业
301505,苏州规划
002626,金达威
603728,鸣志电器
301503,智迪科技
601089,福元医药
920964,润农节水
600640,国脉文化
600820,隧道股份
601665,齐鲁银行
920299,灿能电力
002476,宝莫股份
300034,钢研高纳
300039,上海凯宝
002708,光洋股份
605100,华丰股份
600335,国机汽车
601595,上海电影
688186,广大特材
301289,国缆检测
605369,拱东医疗
600736,苏州高新
603307,扬州金泉
300306,远方信息
603089,正裕工业
002193,如意集团
300076,GQY视讯
688695,中创股份
603359,东珠生态
000595,*ST宝实
300235,方直科技
002798,帝欧水华
300869,康泰医学
688443,智翔金泰-U
000880,潍柴重机
002959,小熊电器
300446,航天智造
688721,龙图光罩
603968,醋化股份
300381,溢多利
300252,金信诺
300050,世纪鼎利
300941,创识科技
300281,金明精机
601288,农业银行
688629,华丰科技
002420,毅昌科技
301088,戎美股份
605259,绿田机械
301303,真兰仪表
002599,盛通股份
002072,凯瑞德
603062,麦加芯彩
688671,碧兴物联
600587,新华医疗
002238,天威视讯
300538,同益股份
301488,豪恩汽电
920892,广咨国际
600100,同方股份
603848,好太太
600727,鲁北化工
300848,美瑞新材
000555,神州信息
688606,奥泰生物
605033,美邦股份
688683,莱尔科技
600584,长电科技
300437,清水源
002065,东华软件
000978,桂林旅游
301459,丰茂股份
300563,神宇股份
002492,恒基达鑫
300819,聚杰微纤
002271,东方雨虹
605080,浙江自然
300702,天宇股份
688310,迈得医疗
301237,和顺科技
000050,深天马Ａ
603650,彤程新材
000158,常山北明
000688,国城矿业
300876,蒙泰高新
300521,爱司凯
002926,华西证券
605358,立昂微
002126,银轮股份
601512,中新集团
601998,中信银行
300193,佳士科技
605108,同庆楼
603065,宿迁联盛
002838,道恩股份
300369,绿盟科技
600765,中航重机
002966,苏州银行
301396,宏景科技
688592,司南导航
002612,朗姿股份
605500,森林包装
301150,中一科技
603660,苏州科达
600138,中青旅
002888,惠威科技
600114,东睦股份
301135,瑞德智能
603969,银龙股份
600153,建发股份
300925,法本信息
000917,电广传媒
002803,吉宏股份
002833,弘亚数控
300598,诚迈科技
605086,龙高股份
301389,隆扬电子
002429,兆驰股份
000681,视觉中国
002971,和远气体
002134,天津普林
001212,中旗新材
300285,国瓷材料
001914,招商积余
300930,屹通新材
300323,华灿光电
688184,ST帕瓦
688246,嘉和美康
301370,国科恒泰
001236,弘业期货
003030,祖名股份
001298,好上好
600036,招商银行
300393,中来股份
605018,长华集团
301190,善水科技
301301,川宁生物
600251,冠农股份
300463,迈克生物
002933,新兴装备
000001,平安银行
002579,中京电子
605277,新亚电子
688385,复旦微电
603190,亚通精工
300671,富满微
603711,香飘飘
300865,大宏立
000551,创元科技
603836,海程邦达
002164,宁波东力
603118,共进股份
002590,万安科技
688401,路维光电
920642,通易航天
688652,京仪装备
000860,顺鑫农业
688757,胜科纳米
001333,光华股份
920008,成电光信
001277,速达股份
603324,盛剑科技
300288,朗玛信息
601696,中银证券
605122,四方新材
600054,黄山旅游
300892,品渥食品
002890,弘宇股份
301603,乔锋智能
300822,贝仕达克
600435,北方导航
300649,杭州园林
600999,招商证券
603777,来伊份
001211,双枪科技
300515,三德科技
300498,温氏股份
001317,三羊马
300902,国安达
300707,威唐工业
605303,园林股份
688101,三达膜
301298,东利机械
300691,联合光电
688051,佳华科技
603155,新亚强
301057,汇隆新材
688082,盛美上海
603823,百合花
688018,乐鑫科技
301566,达利凯普
920262,太湖雪
300413,芒果超媒
001206,依依股份
002066,瑞泰科技
300031,宝通科技
688156,路德科技
002487,大金重工
002767,先锋电子
688066,航天宏图
002747,埃斯顿
603686,福龙马
002156,通富微电
300294,博雅生物
600570,恒生电子
301022,海泰科
301221,光庭信息
920505,九菱科技
688253,英诺特
301313,凡拓数创
301380,挖金客
300777,中简科技
300955,嘉亨家化
688458,美芯晟
688807,优迅股份
300046,台基股份
301106,骏成科技
002851,麦格米特
603486,科沃斯
000417,合百集团
000402,金 融 街
920729,永顺生物
000090,天健集团
300698,万马科技
300694,蠡湖股份
600858,银座股份
600903,贵州燃气
600928,西安银行
600959,江苏有线
300838,浙江力诺
600694,大商股份
300589,江龙船艇
300608,思特奇
300605,恒锋信息
601022,宁波远洋
000995,皇台酒业
000898,鞍钢股份
920184,国源科技
000957,中通客车
000937,冀中能源
000925,众合科技
000802,北京文化
000799,酒鬼酒
000819,岳阳兴长
920270,天铭科技
600958,东方证券
600986,浙文互联
300240,飞力达
300572,安车检测
601390,中国中铁
601186,中国铁建
300445,康斯特
601555,东吴证券
300462,ST华铭
300425,中建环能
002124,天邦食品
300439,美康生物
601618,中国中冶
601615,明阳智能
002120,韵达股份
001322,箭牌家居
600025,华能水电
002030,达安基因
300271,华宇软件
300242,佳云科技
603022,新通联
600022,山东钢铁
601890,亚星锚链
300276,三丰智能
002133,广宇集团
002127,南极电商
300167,ST迪威迅
002167,东方锆业
600569,安阳钢铁
603135,中重科技
300251,光线传媒
603109,神驰机电
601162,天风证券
300555,ST路通
000571,新大洲A
000532,华金资本
000520,凤凰航运
600035,楚天高速
000607,华媒控股
000629,钒钛股份
920370,新安洁
000679,大连友谊
600839,四川长虹
301565,中仑新材
002163,海南发展
002195,岩山科技
002110,三钢闽光
301501,恒鑫生活
688605,先锋精科
300172,中电环保
301100,风光股份
301065,本立科技
603363,傲农生物
301469,恒达新材
603208,江山欧派
300074,华平股份
600529,山东药玻
300158,振东制药
300043,星辉娱乐
002949,华阳国际
600425,青松建化
600439,瑞贝卡
301090,华润材料
002939,长城证券
600477,杭萧钢构
600512,腾达建设
600369,西南证券
603879,永悦科技
603815,交建股份
301371,敷尔佳
002877,智能自控
603878,武进不锈
002886,沃特股份
002958,青农商行
002268,电科网安
002292,奥飞娱乐
002282,博深股份
600416,湘电股份
002276,万马股份
002225,濮耐股份
688496,清越科技
603682,锦和商管
600221,海航控股
002748,世龙实业
002736,国信证券
605337,李子园
002707,众信旅游
605300,佳禾食品
002354,天娱数科
688366,昊海生科
301296,新巨丰
002404,嘉欣丝绸
002307,北新路桥
002376,新北洋
002790,瑞尔特
301211,亨迪药业
603888,新华网
603920,世运电路
600287,苏豪时尚
605577,龙版传媒
600281,华阳新材
605377,华旺科技
002689,ST远智
300801,泰和科技
301318,维海德
600769,祥龙电业
600239,云南城投
002495,佳隆股份
600657,信达地产
600743,华远控股
600819,耀皮玻璃
002511,中顺洁柔
002485,ST雪发
002560,通达股份
002535,林州重机
002496,*ST辉丰
002500,山西证券
301589,诺瓦星云
603297,永新光学
301169,零点有数
688500,慧辰股份
301315,威士顿
600600,青岛啤酒
688027,国盾量子
002625,光启技术
605488,福莱新材
300995,奇德新材
002868,*ST绿康
688691,灿芯股份
600605,汇通能源
301329,信音电子
688395,正弦电气
301192,泰祥股份
688576,西山科技
600392,盛和资源
301551,无线传媒
300710,万隆光电
688138,清溢光电
603355,莱克电气
688298,东方生物
603955,大千生态
002938,鹏鼎控股
603348,文灿股份
688025,杰普特
600391,航发科技
300770,新媒股份
002967,广电计量
603180,金牌家居
603049,中策橡胶
300947,德必集团
601211,国泰海通
688727,恒坤新材
300951,博硕科技
301082,久盛电气
301366,一博科技
301141,中科磁业
002777,久远银海
603927,中科软
300863,卡倍亿
000519,中兵红箭
000559,万向钱潮
000025,特  力Ａ
920703,广厦环能
601177,杭齿前进
300401,花园生物
300349,金卡智能
603918,金桥信息
300594,朗进科技
301586,佳力奇
600869,远东股份
300678,中科信息
300675,建科院
003019,宸展光电
603382,海阳科技
600560,金自天正
600571,信雅达
603161,科华控股
300113,顺网科技
001201,东瑞股份
603566,普莱柯
603130,云中马
002897,意华股份
603170,宝立食品
688031,星环科技-U
300348,长亮科技
001336,楚环科技
688755,汉邦科技
600650,锦江在线
688327,云从科技-UW
301261,恒工精密
688057,金达莱
300004,南风股份
601606,长城军工
300978,东箭科技
002101,广东鸿图
300396,迪瑞医疗
002403,爱仕达
601717,中创智领
300347,泰格医药
300968,格林精密
688220,翱捷科技-U
002649,博彦科技
001356,富岭股份
301616,浙江华业
600817,宇通重工
002910,庄园牧场
301016,雷尔伟
002097,山河智能
688522,纳睿雷达
603665,康隆达
301038,深水规院
603579,荣泰健康
002286,保龄宝
603605,珀莱雅
603392,万泰生物
301089,拓新药业
300320,海达股份
301071,力量钻石
300824,北鼎股份
600436,片仔癀
300411,金盾股份
002116,中国海诚
688360,德马科技
001965,招商公路
605005,合兴股份
301203,国泰环保
000829,天音控股
600637,东方明珠
000766,通化金马
002441,众业达
300540,蜀道装备
603169,兰石重装
920571,国航远洋
920130,立方控股
300740,水羊股份
600071,凤凰光学
920371,欧福蛋业
300228,富瑞特装
300229,拓尔思
002320,海峡股份
601166,兴业银行
601086,国芳集团
688276,百克生物
601117,中国化学
002033,丽江股份
600148,长春一东
300435,中泰股份
920110,雷特科技
002103,广博股份
002761,浙江建投
002009,天奇股份
605305,中际联合
300969,恒帅股份
300959,线上线下
600619,海立股份
301112,信邦智能
603195,公牛集团
300086,康芝药业
301078,孩子王
688582,芯动联科
603028,赛福天
301558,三态股份
300756,金马游乐
002660,茂硕电源
688553,汇宇制药-W
002987,京北方
603889,新澳股份
000777,中核科技
301011,华立科技
603906,龙蟠科技
600319,亚星化学
600630,龙头股份
600037,歌华有线
300334,津膜科技
300036,超图软件
002815,崇达技术
601966,玲珑轮胎
600009,上海机场
688296,和达科技
300655,晶瑞电材
300133,华策影视
000852,石化机械
600104,上汽集团
002991,甘源食品
002870,香山股份
300781,因赛集团
300862,蓝盾光电
601163,三角轮胎
301383,天键股份
002204,大连重工
603344,星德胜
300153,科泰电源
301107,瑜欣电子
603039,泛微网络
002962,五方光电
688616,西力科技
300284,苏交科
002605,姚记科技
603931,格林达
603958,哈森股份
600372,中航机载
688038,中科通达
300922,天秦装备
688386,泛亚微透
688201,信安世纪
002105,信隆健康
920699,海达尔
301223,中荣股份
002562,兄弟科技
002017,东信和平
603959,百利科技
002595,豪迈科技
301129,瑞纳智能
301083,百胜智能
600107,ST尔雅
003032,*ST传智
300680,隆盛科技
300647,超频三
920123,芭薇股份
300748,金力永磁
003010,若羽臣
600446,金证股份
603613,国联股份
300128,锦富技术
603637,镇海股份
300169,天晟新材
300299,富春股份
002568,百润股份
600429,三元股份
688610,埃科光电
002975,博杰股份
600686,金龙汽车
301215,中汽股份
688639,华恒生物
000590,古汉医药
000530,冰山冷热
601021,春秋航空
600763,通策医疗
300047,天源迪科
688612,威迈斯
300310,宜通世纪
300817,双飞集团
600787,中储股份
600128,苏豪弘业
601789,宁波建工
300915,海融科技
601872,招商轮船
300082,奥克股份
603128,华贸物流
603078,江化微
688132,邦彦技术
002520,日发精机
000759,中百集团
301186,超达装备
002457,青龙管业
688228,开普云
300845,捷安高科
920665,科强股份
920433,大唐药业
300847,中船汉光
002947,恒铭达
603713,密尔克卫
300098,高新兴
002254,泰和新材
600919,江苏银行
301279,金道科技
920634,新威凌
920068,天工股份
300811,铂科新材
603284,林平发展
300684,中石科技
300711,广哈通信
300852,四会富仕
600397,江钨装备
600480,凌云股份
300384,三联虹普
600238,*ST椰岛
300422,博世科
688123,聚辰股份
300561,*ST汇科
300948,冠中生态
688507,索辰科技
688486,龙迅股份
603721,*ST天择
688617,惠泰医疗
300374,中铁装配
301177,迪阿股份
002075,沙钢股份
600764,中国海防
000528,柳    工
000757,浩物股份
300977,深圳瑞捷
002162,悦心健康
301137,哈焊华通
002981,朝阳科技
300278,华昌达
688435,英方软件
300155,安居宝
300653,正海生物
300579,数字认证
603106,恒银科技
688551,科威尔
002196,方正电机
301151,冠龙节能
600500,中化国际
000868,安凯客车
603801,志邦家居
603859,能科科技
688007,光峰科技
002742,*ST三圣
688363,华熙生物
002543,万和电气
301231,荣信文化
688459,哈铁科技
301257,普蕊斯
601500,通用股份
002290,禾盛新材
300987,川网传媒
301096,百诚医药
001979,招商蛇口
002530,金财互联
002456,欧菲光
300148,天舟文化
603678,火炬电子
002251,步步高
300963,中洲特材
300466,赛摩智能
600859,王府井
603922,金鸿顺
301000,肇民科技
002266,浙富控股
603689,皖天然气
920304,迪尔化工
300826,测绘股份
600633,浙数文化
002095,生 意 宝
001213,中铁特货
300459,汤姆猫
002234,民和股份
603408,建霖家居
002800,天顺股份
603885,吉祥航空
600329,达仁堂
601375,中原证券
002037,保利联合
603630,拉芳家化
300696,爱乐达
000725,京东方Ａ
600824,益民集团
002826,易明医药
601599,浙文影业
688259,创耀科技
600199,金种子酒
688316,青云科技-U
002434,万里扬
605268,王力安防
600327,大东方
605378,野马电池
920344,三元基因
920786,骑士乳业
600188,兖矿能源
603799,华友钴业
688531,日联科技
300013,新宁物流
301023,奕帆传动
600160,巨化股份
300144,宋城演艺
600058,五矿发展
301606,绿联科技
300853,申昊科技
000750,国海证券
603517,ST绝味
603900,莱绅通灵
301262,海看股份
603983,丸美生物
603982,泉峰汽车
300403,汉宇集团
300126,锐奇股份
300592,华凯易佰
920491,奥迪威
603267,鸿远电子
600793,宜宾纸业
603499,翔港科技
301055,张小泉
300797,钢研纳克
002142,宁波银行
920023,田野股份
000936,华西股份
301628,强达电路
301363,美好医疗
002823,凯中精密
601099,太平洋
002362,汉王科技
600628,新世界
600761,安徽合力
688158,优刻得-W
300355,蒙草生态
000055,方大集团
002211,ST宏达
300556,丝路视觉
600180,瑞茂通
000523,红棉股份
600222,太龙药业
300441,鲍斯股份
000960,锡业股份
603095,越剑智能
300191,潜能恒信
300591,万里马
300171,东富龙
002724,海洋王
301312,智立方
300950,德固特
603818,曲美家居
600331,宏达股份
600325,华发股份
605399,晨光新材
600892,*ST大晟
300681,英搏尔
603617,君禾股份
688596,正帆科技
603002,宏昌电子
001216,华瓷股份
688520,神州细胞
688439,振华风光
300743,天地数码
002186,全 聚 德
600061,国投资本
300732,设研院
000735,罗 牛 山
300679,电连技术
603300,海南华铁
301087,可孚医疗
000068,华控赛格
300576,容大感光
300518,新迅达
301618,长联科技
600665,天地源
002377,国创高新
601111,中国国航
601188,龙江交通
300442,润泽科技
603040,新坐标
002023,海特高新
600461,洪城环境
600000,浦发银行
688029,南微医学
600654,中安科
920826,盖世食品
605188,国光连锁
002765,蓝黛科技
600448,华纺股份
688566,吉贝尔
603402,陕西旅游
920227,美登科技
001233,海安集团
002909,集泰股份
920808,曙光数创
301602,超研股份
002416,爱施德
688157,松井股份
300295,三六五网
002244,滨江集团
688584,上海合晶
300095,华伍股份
603216,梦天家居
600449,宁夏建材
301283,聚胶股份
688280,精进电动-UW
300405,科隆股份
600155,华创云信
920942,恒立钻具
301421,波长光电
603189,网达软件
603280,南方路机
300768,迪普科技
300624,万兴科技
603219,富佳股份
300856,科思股份
688377,迪威尔
600159,大龙地产
688312,燕麦科技
300371,汇中股份
301208,中亦科技
300984,金沃股份
603069,海汽集团
600857,宁波中百
300577,开润股份
600577,精达股份
300327,中颖电子
688716,中研股份
300333,兆日科技
601929,吉视传媒
301260,格力博
002337,赛象科技
688392,骄成超声
002633,申科股份
601083,锦江航运
300504,天邑股份
600004,白云机场
920690,捷众科技
920834,三维装备
301265,华新环保
301037,保立佳
301009,可靠股份
002422,科伦药业
688588,凌志软件
600588,用友网络
003001,中岩大地
002436,兴森科技
688489,三未信安
300898,熊猫乳品
300787,海能实业
688207,格灵深瞳
300319,麦捷科技
603789,*ST星农
300398,飞凯材料
002333,罗普斯金
300942,易瑞生物
920139,华岭股份
300293,蓝英装备
600029,南方航空
300989,蕾奥规划
301596,瑞迪智驱
301378,通达海
920592,华信永道
603136,天目湖
688099,晶晨股份
001282,三联锻造
300366,ST创意
002918,蒙娜丽莎
002152,广电运通
001376,百通能源
000912,泸天化
300825,阿尔特
688615,合合信息
600171,上海贝岭
688231,隆达股份
301049,超越科技
688317,之江生物
002885,京泉华
603257,中国瑞林
603998,方盛制药
000552,甘肃能化
002516,旷达科技
600834,申通地铁
920526,凯华材料
301006,迈拓股份
603369,今世缘
688115,思林杰
301010,晶雪节能
920478,峆一药业
600579,中化装备
603236,移远通信
300536,农尚环境
300007,汉威科技
003040,楚天龙
603338,浙江鼎力
300659,中孚信息
688369,致远互联
600809,山西汾酒
603101,汇嘉时代
301102,兆讯传媒
600828,茂业商业
603712,七一二
000903,ST云动
002756,永兴材料
688313,仕佳光子
688381,帝奥微
300096,ST易联众
920751,惠同新材
002659,凯文教育
688192,迪哲医药-U
300025,华星创业
920263,中航泰达
600536,中国软件
002421,达实智能
001390,古麒绒材
301185,鸥玛软件
920124,南特科技
301330,熵基科技
300884,狄耐克
600010,包钢股份
300248,新开普
601108,财通证券
600085,同仁堂
600622,光大嘉宝
300525,博思软件
600234,科新发展
603259,药明康德
600742,富维股份
300430,诚益通
000581,威孚高科
600960,渤海汽车
688665,四方光电
001378,德冠新材
000516,国际医学
300134,大富科技
688321,微芯生物
000717,中南股份
300106,西部牧业
688230,芯导科技
301633,港迪技术
600900,长江电力
688167,炬光科技
688659,元琛科技
000785,居然智家
300665,飞鹿股份
601008,连云港
301122,采纳股份
002123,梦网科技
002766,索菱股份
603583,捷昌驱动
688526,科前生物
300484,蓝海华腾
301508,中机认检
300375,鹏翎股份
601878,浙商证券
300549,优德精密
688425,铁建重工
601828,美凯龙
603079,圣达生物
600661,昂立教育
920100,三协电机
301161,唯万密封
301626,苏州天脉
603030,全筑股份
603323,苏农银行
002931,锋龙股份
000420,吉林化纤
688563,航材股份
920726,朱老六
600862,中航高科
000514,渝 开 发
688114,华大智造
603880,南卫股份
000166,申万宏源
300230,永利股份
603811,诚意药业
920160,北矿检测
301300,远翔新材
688580,伟思医疗
601689,拓普集团
300059,东方财富
301512,智信精密
300823,建科智能
300509,新美星
002249,大洋电机
003816,中国广核
000878,云南铜业
000783,长江证券
601059,信达证券
000680,山推股份
688103,国力电子
301632,广东建科
688332,中科蓝讯
300346,南大光电
601226,华电科工
002091,江苏国泰
002544,普天科技
002057,中钢天源
300163,先锋新材
300622,博士眼镜
605366,宏柏新材
002378,章源钨业
002527,新时达
002809,红墙股份
688305,科德数控
603890,春秋电子
688153,唯捷创芯
000655,金岭矿业
688260,昀冢科技
300494,盛天网络
000923,河钢资源
301126,达嘉维康
000012,南  玻Ａ
301326,捷邦科技
603418,友升股份
300578,会畅科技
603559,ST通脉
300512,中亚股份
688777,中控技术
603700,宁水集团
300373,扬杰科技
300663,科蓝软件
688178,万德斯
603191,望变电气
301272,英华特
002582,好想你
300666,江丰电子
920508,殷图网联
300958,建工修复
603776,永安行
603232,格尔软件
301622,英思特
002296,辉煌科技
920689,克莱特
605179,一鸣食品
300018,中元股份
688061,灿瑞科技
002050,三花智控
000403,派林生物
300552,万集科技
300067,安诺其
688529,豪森智能
002346,柘中股份
000897,津滨发展
688686,奥普特
002880,卫光生物
301538,骏鼎达
000926,福星股份
002086,东方海洋
301270,汉仪股份
920725,惠丰钻石
300956,英力股份
688620,安凯微
688469,芯联集成-U
301159,三维天地
301386,未来电器
603092,德力佳
000712,锦龙股份
301227,森鹰窗业
001314,亿道信息
603861,白云电器
688521,芯原股份
601366,利群股份
300066,三川智慧
688579,地纬智能
600609,金杯汽车
600621,华鑫股份
002352,顺丰控股
300010,豆神教育
001872,招商港口
688075,安旭生物
300752,隆利科技
000063,中兴通讯
301348,蓝箭电子
002523,天桥起重
601018,宁波港
920510,丰光精密
300998,宁波方正
600111,北方稀土
603991,至正股份
688133,泰坦科技
301193,家联科技
688349,三一重能
002040,南 京 港
601133,柏诚股份
688646,ST逸飞
300957,贝泰妮
300070,碧水源
002927,泰永长征
605136,丽人丽妆
301060,兰卫医学
920273,一致魔芋
300664,鹏鹞环保
000517,荣安地产
600984,建设机械
000625,长安汽车
002512,ST达华
600715,文投控股
300753,爱朋医疗
688488,艾迪药业
002153,石基信息
600463,空港股份
300918,南山智尚
000721,西安饮食
600638,新黄浦
300368,汇金股份
688589,力合微
002084,海鸥住工
300635,中达安
600993,马应龙
600368,五洲交通
688141,杰华特
920112,巴兰仕
920119,美德乐
301235,华康洁净
000049,德赛电池
000977,浪潮信息
600020,中原高速
688035,德邦科技
603043,广州酒家
002252,上海莱士
000698,ST沈化
300789,唐源电气
002573,清新环境
688255,凯尔达
300542,新晨科技
688318,财富趋势
605258,协和电子
920021,流金科技
301601,惠通科技
601995,中金公司
002845,同兴达
603298,杭叉集团
000099,中信海直
002613,北玻股份
301548,崇德科技
688590,新致软件
920946,森萱医药
688302,海创药业-U
688271,联影医疗
603595,ST东尼
002596,海南瑞泽
301195,北路智控
301449,天溯计量
001335,信凯科技
688701,卓锦股份
002488,金固股份
300910,瑞丰新材
600707,彩虹股份
300072,海新能科
000541,佛山照明
302132,中航成飞
688558,国盛智科
301052,果麦文化
002657,中科金财
600794,保税科技
688571,杭华股份
300138,晨光生物
600120,浙江东方
688159,有方科技
300002,神州泰岳
688475,萤石网络
688135,利扬芯片
688591,泰凌微
300701,森霸传感
001395,亚联机械
001260,坤泰股份
001202,炬申股份
002936,郑州银行
002236,大华股份
301061,匠心家居
300520,科大国创
300514,友讯达
002226,江南化工
002548,金新农
001228,永泰运
300940,南极光
688080,映翰通
300554,三超新材
002598,山东章鼓
002212,天融信
600770,综艺股份
002048,宁波华翔
601038,一拖股份
688403,汇成股份
688627,精智达
600106,重庆路桥
600653,申华控股
300849,锦盛新材
603370,华新精科
002892,科力尔
002666,德联集团
920090,同辉信息
002979,雷赛智能
002922,伊戈尔
600390,五矿资本
688359,三孚新科
301172,君逸数码
601588,北辰实业
600530,交大昂立
002507,涪陵榨菜
600084,中信尼雅
300079,数码视讯
002681,奋达科技
002862,实丰文化
688343,云天励飞-U
002085,万丰奥威
301125,腾亚精工
000567,海德股份
002104,恒宝股份
300793,佳禾智能
002185,华天科技
000983,山西焦煤
300532,今天国际
688662,富信科技
000096,广聚能源
601666,平煤股份
603677,奇精机械
688300,联瑞新材
002482,广田集团
002011,盾安环境
920187,通领科技
600279,重庆港
688050,爱博医疗
300652,雷迪克
000863,三湘印象
601901,方正证券
002394,联发股份
601065,江盐集团
300843,胜蓝股份
603197,保隆科技
688176,亚虹医药-U
002269,美邦服饰
688790,昂瑞微-UW
603979,金诚信
600215,派斯林
000815,美利云
003028,振邦智能
600941,中国移动
002547,春兴精工
600262,北方股份
002741,光华科技
603299,苏盐井神
688193,仁度生物
002235,安妮股份
301600,慧翰股份
000723,美锦能源
600881,亚泰集团
000887,中鼎股份
600997,开滦股份
920260,中寰股份
600469,风神股份
300858,科拓生物
000776,广发证券
603986,兆易创新
001373,翔腾新材
688370,丛麟科技
603399,永杉锂业
600280,中央商场
300360,炬华科技
300535,达威股份
002094,青岛金王
600543,莫高股份
920504,博迅生物
002137,实益达
600667,太极实业
002717,ST岭南
300410,正业科技
300315,掌趣科技
300094,国联水产
601136,首创证券
920832,齐鲁华信
301369,联动科技
300161,华中数控
301269,华大九天
301367,瑞迈特
688660,电气风电
301212,联盛化学
002197,证通电子
000016,深康佳Ａ
688533,上声电子
300215,电科院
600226,亨通股份
000697,ST炼石
600156,华升股份
920185,贝特瑞
603501,豪威集团
301043,绿岛风
603238,诺邦股份
688339,亿华通-U
600611,大众交通
000651,格力电器
688122,西部超导
688188,柏楚电子
300456,赛微电子
002518,科士达
300912,凯龙高科
001316,润贝航科
000915,华特达因
002079,苏州固锝
920056,能之光
600365,ST通葡
600567,山鹰国际
920982,锦波生物
600320,振华重工
300733,西菱动力
300596,利安隆
002576,通达动力
603690,至纯科技
688208,道通科技
002131,利欧股份
600576,祥源文旅
002157,正邦科技
600273,嘉化能源
688352,颀中科技
301024,霍普股份
002813,路畅科技
600847,万里股份
000558,天府文旅
601718,际华集团
002706,良信股份
601800,中国交建
600119,长江投资
600030,中信证券
002049,紫光国微
300257,开山股份
000088,盐 田 港
000837,秦川机床
688597,煜邦电力
300465,高伟达
000066,中国长城
301355,南王科技
300837,浙矿股份
300406,九强生物
600495,晋西车轴
000006,深振业Ａ
601881,中国银河
002442,龙星科技
603726,朗迪集团
600688,上海石化
300258,精锻科技
300501,海顺新材
920981,晶赛科技
002668,TCL智家
300088,长信科技
688656,浩欧博
300983,尤安设计
600725,云维股份
002778,中晟高科
301575,艾芬达
301581,黄山谷捷
002542,中化岩土
603936,博敏电子
300145,南方泵业
300850,新强联
688063,派能科技
002969,嘉美包装
600491,龙元建设
600192,长城电工
002146,荣盛发展
301041,金百泽
300927,江天化学
300458,全志科技
300917,特发服务
002122,ST汇洲
002054,德美化工
601298,青岛港
688651,盛邦安全
603107,上海汽配
600615,鑫源智造
600733,北汽蓝谷
688073,毕得医药
301598,博科测试
605336,帅丰电器
300523,辰安科技
002645,华宏科技
301220,亚香股份
300482,万孚生物
002730,电光科技
002497,雅化集团
601728,中国电信
688211,中科微至
300530,领湃科技
688697,纽威数控
300648,星云股份
000812,陕西金叶
600421,*ST华嵘
688165,埃夫特-U
920943,优机股份
920014,特瑞斯
603341,龙旗科技
002483,润邦股份
000010,美丽生态
688653,康希通信
300815,玉禾田
002334,英威腾
600233,圆通速递
688292,浩瀚深度
920925,锦好医疗
603337,杰克科技
603352,至信股份
600383,金地集团
603014,威高血净
920050,爱舍伦
301091,深城交
600053,九鼎投资
300188,国投智能
603803,瑞斯康达
300836,佰奥智能
002402,和而泰
300255,常山药业
600568,ST中珠
603186,华正新材
600526,菲达环保
600660,福耀玻璃
002012,凯恩股份
300147,ST香雪
300899,*ST凯鑫
603334,丰倍生物
300614,百川畅银
001210,金房能源
601360,三六零
301376,致欧科技
300477,ST合纵
000789,万年青
002559,亚威股份
300037,新宙邦
000656,*ST金科
301077,星华新材
600973,宝胜股份
920101,志高机械
600675,中华企业
601519,大智慧
601528,瑞丰银行
300231,银信科技
605228,神通科技
300223,北京君正
300688,创业黑马
600626,申达股份
002537,海联金汇
301502,华阳智能
688699,明微电子
603706,东方环宇
001391,国货航
688633,星球石墨
001205,盛航股份
002893,京能热力
002973,侨银股份
603068,博通集成
603568,伟明环保
688295,中复神鹰
601236,红塔证券
603616,韩建河山
301678,新恒汇
603032,德新科技
003015,日久光电
600415,小商品城
300052,ST中青宝
002683,广东宏大
688279,峰岹科技
603416,信捷电气
001239,永达股份
002045,国光电器
300075,数字政通
300044,ST赛为
300011,鼎汉技术
001238,浙江正特
000822,山东海化
600830,香溢融通
300508,维宏股份
002881,美格智能
301113,雅艺科技
688420,美腾科技
300493,润欣科技
301042,安联锐视
002310,东方新能
920035,精创电气
300890,翔丰华
002388,新亚制程
688805,健信超导
001386,马可波罗
301110,青木科技
688218,江苏北人
002314,南山控股
300305,裕兴股份
920033,康普化学
002059,云南旅游
600363,联创光电
301308,江波龙
688658,悦康药业
600533,栖霞建设
920402,硅烷科技
300840,酷特智能
002745,木林森
003006,百亚股份
601112,振石股份
300491,通合科技
688681,科汇股份
002130,沃尔核材
600467,好当家
600460,士兰微
605117,德业股份
301489,思泉新材
301056,森赫股份
300260,新莱应材
300687,赛意信息
300400,劲拓股份
600895,张江高科
300541,先进数通
603607,京华激光
601882,海天精工
001326,联域股份
688258,卓易信息
603209,兴通股份
300338,ST开元
920914,远航精密
300993,玉马科技
002108,沧州明珠
000565,渝三峡Ａ
600503,华丽家族
600515,海南机场
300454,深信服
300470,中密控股
300790,宇瞳光学
600259,中稀有色
688575,亚辉龙
688583,思看科技
688581,安杰思
600773,西藏城投
002672,东江环保
300703,创源股份
000685,中山公用
301003,江苏博云
003004,*ST声迅
300896,爱美客
300170,汉得信息
300077,国民技术
300227,光韵达
000157,中联重科
002217,合力泰
600169,ST太重
002698,博实股份
300739,明阳电路
301314,科瑞思
600552,凯盛科技
601311,骆驼股份
300607,拓斯达
688203,海正生材
300988,津荣天宇
000619,海螺新材
002652,扬子新材
300872,天阳科技
601001,晋控煤业
688169,石头科技
300546,雄帝科技
002983,芯瑞达
002478,常宝股份
688628,优利德
300386,飞天诚信
301507,民生健康
300206,理邦仪器
000605,渤海股份
688116,天奈科技
688396,华润微
600885,宏发股份
600048,保利发展
301328,维峰电子
600658,电子城
920429,康比特
300570,太辰光
600717,天津港
600103,青山纸业
000886,海南高速
300308,中际旭创
603080,新疆火炬
688173,希荻微
920199,倍益康
688609,九联科技
300788,中信出版
600624,ST复华
300492,华图山鼎
688076,ST诺泰
688233,神工股份
000610,西安旅游
688538,和辉光电-U
000598,兴蓉环境
301525,儒竞科技
002700,万憬能源
002136,安 纳 达
603053,成都燃气
600864,哈投股份
301335,天元宠物
300407,凯发电气
300560,中富通
920212,智新电子
600716,凤凰股份
002267,陕天然气
600655,豫园股份
000885,城发环境
688261,东微半导
688700,东威科技
000839,国安股份
002521,齐峰新材
600475,华光环能
300610,晨化股份
002230,科大讯飞
002319,乐通股份
301560,众捷汽车
002753,永东股份
600050,中国联通
301275,汉朔科技
002165,红 宝 丽
600583,海油工程
688733,壹石通
000526,学大教育
000089,深圳机场
002410,广联达
688676,金盘科技
000792,盐湖股份
600909,华安证券
601010,文峰股份
920367,新赣江
002541,鸿路钢构
000838,财信发展
300513,恒实科技
920806,云星宇
688056,莱伯泰科
002387,维信诺
603123,翠微股份
300173,ST福能
300806,斯迪克
688509,正元地信
600133,东湖高新
300460,ST惠伦
000026,飞亚达
002453,华软科技
920086,科马材料
000069,华侨城Ａ
601121,宝地矿业
001220,世盟股份
300450,先导智能
002615,哈尔斯
688622,禾信仪器
300195,长荣股份
301075,多瑞医药
603993,洛阳钼业
605069,正和生态
920026,卓兆点胶
688512,慧智微-U
301327,华宝新能
301175,中科环保
300706,阿石创
603031,安孚科技
300307,慈星股份
601688,华泰证券
688152,麒麟信安
001222,源飞宠物
301535,浙江华远
603139,康惠股份
920171,志晟信息
600749,西藏旅游
000718,苏宁环球
002843,泰嘉股份
002786,银宝山新
603269,海鸥股份
000509,华塑控股
002380,科远智慧
300378,鼎捷数智
002581,ST未名
000796,凯撒旅业
002828,贝肯能源
600388,龙净环保
688783,西安奕材-U
300200,高盟新材
600618,氯碱化工
920037,广信科技
300214,日科化学
600006,东风股份
920003,中诚咨询
002203,海亮股份
301238,瑞泰新材
000755,山西高速
603112,华翔股份
000929,*ST兰黄
688711,宏微科技
920807,奔朗新材
920593,鼎智科技
600981,苏豪汇鸿
001323,慕思股份
920088,科力股份
300302,同有科技
300623,捷捷微电
600208,衢州发展
600283,钱江水利
688565,力源科技
301248,杰创智能
300061,旗天科技
603151,邦基科技
605068,明新旭腾
600860,京城股份
300219,鸿利智汇
688669,聚石化学
002570,贝因美
002872,ST天圣
300960,通业科技
300351,永贵电器
300322,硕贝德
000985,大庆华科
601678,滨化股份
920039,国义招标
301085,亚康股份
300939,秋田微
605368,蓝天燃气
300729,乐歌股份
600243,*ST海华
603406,天富龙
002997,瑞鹄模具
001388,信通电子
300440,运达科技
688236,春立医疗
600785,新华百货
002466,天齐锂业
301033,迈普医学
301219,腾远钴业
300881,盛德鑫泰
600094,大名城
601369,陕鼓动力
300505,川金诺
002875,安奈儿
000823,超声电子
301360,荣旗科技
002920,德赛西威
600067,冠城新材
920792,东和新材
601138,工业富联
000779,甘咨询
603819,神力股份
300588,熙菱信息
000831,中国稀土
300818,耐普矿机
301036,双乐股份
300650,太龙股份
601727,上海电气
920694,中裕科技
000009,中国宝安
000002,万  科Ａ
920599,同力股份
301631,壹连科技
001259,利仁科技
603262,技源集团
300408,三环集团
603578,三星新材
002439,启明星辰
920870,恒进感应
603229,奥翔药业
601918,新集能源
920158,长江能科
920931,无锡鼎邦
300531,优博讯
300638,广和通
603025,大豪科技
300802,矩子科技
920476,海能技术
920976,视声智能
920541,铁大科技
603058,永吉股份
003041,真爱美家
601518,吉林高速
002301,齐心集团
002036,联创电子
603117,万林物流
920564,天润科技
688549,中巨芯-U
920394,民士达
603333,尚纬股份
300690,双一科技
600378,昊华科技
002006,精工科技
920221,易实精密
002691,冀凯股份
603019,中科曙光
688680,海优新材
300314,戴维医疗
688416,恒烁股份
600754,锦江酒店
603657,春光科技
688100,威胜信息
601888,中国中免
300979,华利集团
301638,南网数字
688525,佰维存储
002451,摩恩电气
000965,天保基建
301580,爱迪特
920076,国亮新材
600379,宝光股份
301197,工大科雅
301178,天亿马
300860,锋尚文化
600535,天士力
688602,康鹏科技
605589,圣泉集团
603199,九华旅游
300341,麦克奥迪
300731,科创新源
002898,*ST赛隆
601096,宏盛华源
920168,通宝光电
002443,金洲管道
000678,襄阳轴承
688219,会通股份
603221,爱丽家居
300686,智动力
002415,海康威视
601611,中国核建
000703,恒逸石化
688692,达梦数据
002468,申通快递
002522,浙江众成
003039,顺控发展
000488,ST晨鸣
688127,蓝特光学
603007,*ST花王
920639,晨光电缆
603235,天新药业
300883,龙利得
688168,安博通
688058,宝兰德
000576,甘化科工
605003,众望布艺
920974,凯大催化
688767,博拓生物
300566,激智科技
300339,润和软件
000007,全新好
920455,汇隆活塞
002906,华阳集团
688013,天臣医疗
000554,泰山石油
688678,福立旺
300233,金城医药
002797,第一创业
002183,怡 亚 通
600377,宁沪高速
688484,南芯科技
300718,长盛轴承
300131,英唐智控
300380,安硕信息
920418,苏轴股份
300949,奥雅股份
920082,方正阀门
603036,如通股份
600917,重庆燃气
605111,新洁能
300486,东杰智能
601866,中远海发
600261,阳光照明
002431,棕榈股份
600968,海油发展
300820,英杰电气
300750,宁德时代
000626,远大控股
301236,软通动力
300130,新国都
600706,曲江文旅
600170,上海建工
601158,重庆水务
300350,华鹏飞
920016,中草香料
300420,五洋自控
603893,瑞芯微
300834,星辉环材
920522,纳科诺尔
605066,天正电气
300224,正海磁材
301590,优优绿能
000058,深 赛 格
600082,海泰发展
300844,山水比德
688449,联芸科技
688129,东来技术
300303,聚飞光电
002340,格林美
920020,泰凯英
301567,贝隆精密
688111,金山办公
301382,蜂助手
601318,中国平安
002356,赫美集团
000938,紫光股份
300487,蓝晓科技
920002,万达轴承
600875,东方电气
920163,方大新材
000893,亚钾国际
603202,天有为
605099,共创草坪
002928,华夏航空
300073,当升科技
002243,力合科创
688225,亚信安全
920419,路斯股份
300641,正丹股份
920092,汉鑫科技
688433,华曙高科
688262,国芯科技
688039,当虹科技
688378,奥来德
300377,赢时胜
601127,赛力斯
301577,美信科技
300103,达刚控股
688088,虹软科技
002498,汉缆股份
605255,天普股份
002529,*ST海源
603309,维力医疗
002861,瀛通通讯
002534,西子洁能
688187,时代电气
300708,聚灿光电
920061,西磁科技
002555,三七互娱
002806,华锋股份
300496,中科创达
601601,中国太保
002425,凯撒文化
605588,冠石科技
600741,华域汽车
000683,博源化工
920278,鹿得医疗
300029,*ST天龙
920879,基康技术
688137,近岸蛋白
301365,矩阵股份
301127,武汉天源
688816,易思维
301149,隆华新材
300595,欧普康视
920180,爱得科技
002726,龙大美食
300190,维尔利
002180,纳思达
000151,中成股份
002553,南方精工
300415,伊之密
600889,南京化纤
601199,江南水务
601198,东兴证券
688126,沪硅产业
600635,大众公用
301607,富特科技
600257,大湖股份
920753,天纺标
300024,机器人
002140,东华科技
002074,国轩高科
002993,奥海科技
688382,益方生物-U
920357,雅葆轩
600089,特变电工
002068,黑猫股份
002600,领益智造
600293,三峡新材
920837,华原股份
600582,天地科技
603328,依顿电子
000900,现代投资
002139,拓邦股份
300183,东软载波
600212,绿能慧充
300975,商络电子
002624,完美世界
301029,怡合达
001358,兴欣新材
300976,达瑞电子
920022,世昌股份
688778,厦钨新能
000920,沃顿科技
300626,华瑞股份
300533,冰川网络
600684,珠江股份
605020,永和股份
920271,邦德股份
002585,双星新材
600272,开开实业
002919,名臣健康
300449,汉邦高科
300135,宝利国际
605128,上海沿浦
002311,海大集团
688320,禾川科技
600150,中国船舶
002145,钛能化学
301510,固高科技
002575,群兴玩具
301588,美新科技
301004,嘉益股份
002125,湘潭电化
600250,南京商旅
002965,祥鑫科技
300399,天利科技
002242,九阳股份
920580,科创新材
600269,赣粤高速
603379,三美股份
603027,千禾味业
600851,海欣股份
002031,巨轮智能
002405,四维图新
920871,派特尔
601619,嘉泽新能
603679,华体科技
600330,天通股份
301356,天振股份
688698,伟创电气
301293,三博脑科
002472,双环传动
002099,海翔药业
688573,信宇人
920027,交大铁发
688256,寒武纪
002805,丰元股份
301273,瑞晨环保
300120,经纬辉开
600636,*ST国化
300480,光力科技
000631,顺发恒能
600751,海航科技
300238,冠昊生物
002658,雪迪龙
603071,物产环能
603158,腾龙股份
920266,生物谷
300737,科顺股份
300606,金太阳
688226,威腾电气
688561,奇安信-U
603520,司太立
920198,微创光电
600798,宁波海运
003005,竞业达
300776,帝尔激光
603102,百合股份
600550,保变电气
688623,双元科技
603181,皇马科技
920519,万德股份
600123,兰花科创
920950,迅安科技
600403,大有能源
688326,经纬恒润-W
688399,硕世生物
603160,汇顶科技
002366,融发核电
001207,联科科技
920693,阿为特
600846,同济科技
002423,中粮资本
301345,涛涛车业
920821,则成电子
920781,瑞奇智造
920978,开特股份
300894,火星人
301128,强瑞技术
688232,新点软件
002855,捷荣技术
300616,尚品宅配
920415,恒拓开源
688289,圣湘生物
688503,聚和材料
301305,朗坤科技
300340,科恒股份
300180,华峰超纤
301059,金三江
688108,赛诺医疗
603376,大明电子
920204,沪江材料
300041,回天新材
001369,双欣材料
300613,富瀚微
600791,京能置业
300829,金丹科技
300814,中富电路
603709,中源家居
300241,瑞丰光电
000635,英 力 特
688329,艾隆科技
600905,三峡能源
688267,中触媒
600289,ST信通
000988,华工科技
300141,和顺电气
601669,中国电建
300861,美畅股份
300268,*ST佳沃
688030,山石网科
000620,盈新发展
300056,中创环保
300124,汇川技术
002090,金智科技
920469,富恒新材
300419,ST浩丰
688601,力芯微
603477,巨星农牧
600580,卧龙电驱
920855,浙江大农
000415,渤海租赁
688785,恒运昌
300389,艾比森
002517,恺英网络
688095,福昕软件
002667,威领股份
002270,华明装备
601238,广汽集团
000888,峨眉山Ａ
300933,中辰股份
002067,景兴纸业
002284,亚太股份
605007,五洲特纸
603817,海峡环保
300433,蓝思科技
688479,友车科技
688518,联赢激光
603825,ST华扬
300831,派瑞股份
688097,博众精工
920208,青矩技术
600367,红星发展
300168,万达信息
688347,华虹公司
002984,森麒麟
600610,中毅达
688798,艾为电子
603611,诺力股份
300432,富临精工
603223,恒通股份
300423,昇辉科技
000826,启迪环境
000731,四川美丰
002729,好利科技
600671,天目药业
002005,ST德豪
603949,雪龙集团
000021,深科技
920414,欧普泰
688712,北芯生命-U
688110,东芯股份
688613,奥精医疗
920438,戈碧迦
920489,佳先股份
688009,中国通号
603318,水发燃气
605050,福然德
688172,燕东微
300304,云意电气
920118,太湖远大
688177,百奥泰
688046,药康生物
300198,ST纳川
920030,德众汽车
301357,北方长龙
600060,海信视像
301286,侨源股份
300658,延江股份
688162,巨一科技
002769,普路通
000421,南京公用
600339,中油工程
000400,许继电气
688717,艾罗能源
601126,四方股份
600052,东望时代
002224,三 力 士
002241,歌尔股份
300388,节能国祯
601319,中国人保
300866,安克创新
688661,和林微纳
601026,道生天合
300032,金龙机电
688334,西高院
000636,风华高科
601200,上海环境
603291,联合水务
300774,倍杰特
600575,淮河能源
920475,三友科技
600748,上实发展
688005,容百科技
000801,四川九洲
920152,昆工科技
002158,汉钟精机
301115,联检科技
603268,*ST松发
002787,华源控股
300808,久量股份
600886,国投电力
000544,中原环保
300618,寒锐钴业
002546,新联电子
300882,万胜智能
300517,海波重科
002951,金时科技
688008,澜起科技
688685,迈信林
002723,小崧股份
688273,麦澜德
002253,*ST智胜
603608,天创时尚
002449,国星光电
688567,孚能科技
002245,蔚蓝锂芯
603097,江苏华辰
002028,思源电气
688022,瀚川智能
920111,聚星科技
002345,潮宏基
301428,世纪恒通
920523,德瑞锂电
002463,沪电股份
600527,江南高纤
300263,隆华科技
000856,冀东装备
002865,钧达股份
603260,合盛硅业
688595,芯海科技
002693,*ST双成
605298,必得科技
001203,大中矿业
002932,明德生物
605287,德才股份
600516,方大炭素
603725,天安新材
688049,炬芯科技
301499,维科精密
603655,朗博科技
002822,ST中装
603290,斯达半导
600745,闻泰科技
920682,球冠电缆
002461,珠江啤酒
688328,深科达
300232,洲明科技
603226,菲林格尔
600008,首创环保
920533,骏创科技
002623,亚玛顿
920080,奥美森
920809,安达科技
605218,伟时电子
920066,科拜尔
002638,勤上股份
605580,恒盛能源
688227,品高股份
001234,泰慕士
002427,尤夫股份
600874,创业环保
300991,创益通
300239,东宝生物
688286,敏芯股份
600143,金发科技
300672,国科微
601877,正泰电器
001311,多利科技
002961,瑞达期货
688593,新相微
000811,冰轮环境
002227,奥 特 迅
300444,双杰电气
301419,阿莱德
601568,北元集团
920300,辰光医疗
001299,美能能源
300192,科德教育
301379,天山电子
002841,视源股份
688625,呈和科技
000407,胜利股份
688155,先惠技术
002021,中捷资源
600810,神马股份
000970,中科三环
600674,川投能源
688301,奕瑞科技
688205,德科立
002857,三晖电气
001268,联合精密
600759,洲际油气
920351,华光源海
002277,友阿股份
002791,坚朗五金
920190,雷神科技
301358,湖南裕能
300324,旋极信息
688151,华强科技
600076,康欣新材
002426,胜利精密
002953,日丰股份
920685,新芝生物
300791,仙乐健康
920810,春光智能
600241,时代万恒
300716,ST泉为
688501,青达环保
300329,海伦钢琴
002408,齐翔腾达
601515,衢州东峰
688981,中芯国际
300085,银之杰
920128,胜业电气
920876,慧为智能
920802,保丽洁
000691,*ST亚太
300197,节能铁汉
002989,中天精装
603217,元利科技
688047,龙芯中科
600691,潞化科技
300390,天华新能
920122,中纺标
605208,永茂泰
600318,新力金融
300619,金银河
920720,吉冈精密
002960,青鸟消防
300782,卓胜微
920363,莱赛激光
301487,盟固利
600935,华塑股份
301439,泓淋电力
002329,皇氏集团
688768,容知日新
603248,锡华科技
688277,天智航-U
002692,远程股份
300256,星星科技
920195,三祥科技
002177,御银股份
920249,利尔达
002514,宝馨科技
688536,思瑞浦
002189,中光学
920608,丰安股份
920392,佳合科技
688131,皓元医药
301491,汉桑科技
920579,机科股份
300855,图南股份
300062,中能电气
002663,普邦股份
600714,金瑞矿业
605318,法狮龙
600478,科力远
300201,海伦哲
002768,国恩股份
300926,博俊科技
002106,莱宝高科
301361,众智科技
600712,南宁百货
000045,深纺织Ａ
000545,金浦钛业
600406,国电南瑞
003021,兆威机电
603228,景旺电子
300551,古鳌科技
600642,申能股份
605289,罗曼股份
002952,亚世光电
601179,中国西电
300296,利亚德
600278,东方创业
603099,长白山
301187,欧圣电气
300833,浩洋股份
300048,合康新能
920768,拾比佰
920077,吉林碳谷
300476,胜宏科技
920284,灵鸽科技
600649,城投控股
688781,C视涯-UW
600312,平高电气
300903,科翔股份
688079,美迪凯
601628,中国人寿
300474,景嘉微
301133,金钟股份
603688,石英股份
002063,远光软件
000967,盈峰环境
600876,凯盛新能
600549,厦门钨业
300287,飞利信
920239,长虹能源
920245,威博液压
600097,开创国际
300151,昌红科技
688161,威高骨科
920132,泰鹏智能
000035,中国天楹
002210,飞马国际
600537,亿晶光电
600651,飞乐音响
301121,紫建电子
920717,瑞星股份
300083,创世纪
688506,百利天恒
300673,佩蒂股份
300119,瑞普生物
688670,金迪克
600604,市北高新
300897,山科智能
601377,兴业证券
300670,大烨智能
600517,国网英大
300543,朗科智能
300187,永清环保
300019,硅宝科技
600031,三一重工
301158,德石股份
300773,拉卡拉
002358,森源电气
301045,天禄科技
000599,青岛双星
000536,华映科技
002896,中大力德
688319,欧林生物
920009,丹娜生物
300919,中伟新材
920007,酉立智能
000011,深物业A
002175,东方智造
001286,陕西能源
000727,冠捷科技
600405,动力源
600021,上海电力
600307,酒钢宏兴
603126,中材节能
002034,旺能环境
920062,科润智控
601058,赛轮轮胎
600438,通威股份
000821,ST京机
301339,通行宝
688400,凌云光
300100,双林股份
688789,宏华数科
300859,西域旅游
300099,尤洛卡
603530,神马电力
300767,震安科技
000810,创维数字
920547,无锡晶海
600784,鲁银投资
603296,华勤技术
301068,大地海洋
300111,向日葵
300259,新天科技
920839,万通液压
300842,帝科股份
300164,通源石油
300069,金利华电
920970,大禹生物
605155,西大门
920575,康乐卫士
002135,东南网架
601808,中海油服
600376,首开股份
920856,浩淼科技
688083,中望软件
920422,润普食品
002219,新里程
920275,驱动力
920553,凯腾精工
688696,极米科技
600546,山煤国际
688299,长阳科技
002583,海能达
920378,泰德股份
300054,鼎龙股份
000159,国际实业
000609,ST中迪
300464,星徽股份
301191,菲菱科思
301205,联特科技
002617,露笑科技
301658,首航新能
603026,石大胜华
002360,同德化工
300068,南都电源
600586,金晶科技
300982,苏文电能
002533,金杯电工
688028,沃尔德
300467,迅游科技
603166,福达股份
688249,晶合集成
920167,同享科技
301325,曼恩斯特
920274,宏裕包材
920454,同心传动
920149,旭杰科技
600871,石化油服
600481,双良节能
920015,锦华新材
300891,惠云钛业
603185,弘元绿能
603121,华培动力
603666,亿嘉和
002801,微光股份
002992,宝明科技
001223,欧克科技
001226,拓山重工
688248,南网科技
603828,ST柯利达
601139,深圳燃气
000980,众泰汽车
600629,华建集团
300174,元力股份
920436,大地电气
600925,苏能股份
920346,威贸电子
688229,博睿数据
605081,*ST太和
000564,供销大集
688516,奥特维
601965,中国汽研
920906,舜宇精工
000682,东方电子
600908,无锡银行
300207,欣旺达
300682,朗新科技
920339,恒太照明
920267,鑫汇科
920375,派诺科技
300162,雷曼光电
600340,华夏幸福
300469,信息发展
688121,卓然股份
920873,中设咨询
002836,新宏泽
688631,莱斯信息
920718,合肥高科
600838,上海九百
001332,锡装股份
000695,滨海能源
000572,海马汽车
688556,高测股份
300243,瑞丰高材
301120,新特电气
920957,汉维科技
688048,长光华芯
600740,山西焦化
603421,鼎信通讯
300321,同大股份
300827,上能电气
920261,一诺威
301302,华如科技
920651,天罡股份
688021,奥福科技
301617,博苑股份
603124,江南新材
300035,中科电气
688067,爱威科技
688598,金博股份
000042,中洲控股
002208,合肥城建
301152,天力锂能
920556,雅达股份
301051,信濠光电
603212,赛伍技术
603610,麒盛科技
000700,模塑科技
688293,奥浦迈
688109,品茗科技
301555,惠柏新材
688398,赛特新材
920895,花溪科技
002364,中恒电气
920175,东方碳素
300873,海晨股份
920230,欧康医药
301319,唯特偶
603615,茶花股份
301636,泽润新能
600795,国电电力
301259,艾布鲁
600162,香江控股
601616,广电电气
601633,长城汽车
300879,大叶股份
688106,金宏气体
600012,皖通高速
301392,汇成真空
002339,积成电子
301165,锐捷网络
300157,新锦动力
301662,宏工科技
300234,开尔新材
600333,长春燃气
688041,海光信息
002109,兴化股份
300370,安控科技
920719,宁新新材
600026,中远海能
920679,前进科技
300222,科大智能
688448,磁谷科技
300769,德方纳米
300877,金春股份
301046,能辉科技
002564,天沃科技
001300,三柏硕
001285,瑞立科密
300587,天铁科技
920374,云里物里
601336,新华保险
603659,璞泰来
603556,海兴电力
688519,南亚新材
603444,吉比特
002438,江苏神通
920662,方盛股份
920527,夜光明
603722,阿科力
600131,国网信通
600971,恒源煤电
301268,铭利达
000922,佳电股份
300292,吴通控股
688303,大全能源
002214,*ST大立
300438,鹏辉能源
920896,旺成科技
600676,交运股份
688663,新风光
002558,巨人网络
601880,辽港股份
603070,万控智造
688560,明冠新材
688779,五矿新能
601827,三峰环境
301563,云汉芯城
001328,登康口腔
000809,和展能源
920046,亿能电力
002515,金字火腿
688559,海目星
600218,全柴动力
002733,雄韬股份
688084,晶品特装
688550,瑞联新材
688055,龙腾光电
688147,微导纳米
600703,三安光电
688353,华盛锂电
300269,联建光电
002255,海陆重工
688148,芳源股份
300620,光库科技
000958,电投产融
920765,美之高
920992,中科美菱
688052,纳芯微
920627,力王股份
301081,严牌股份
920146,华阳变速
002930,宏川智慧
300105,龙源技术
920799,艾融软件
600841,动力新科
000059,华锦股份
301498,乖宝宠物
600643,爱建集团
600258,首旅酒店
600187,国中水务
301109,军信股份
603210,泰鸿万立
605388,均瑶健康
300468,四方精创
688499,利元亨
920237,力佳科技
000670,盈方微
002129,TCL中环
002322,理工能科
002475,立讯精密
000677,恒天海龙
601868,中国能建
688689,银河微电
300436,广生堂
920000,安徽凤凰
600548,深高速
301266,宇邦新材
920057,百甲科技
300225,*ST金泰
920926,鸿智科技
603759,海天股份
301095,广立微
600863,华能蒙电
002207,准油股份
002169,智光电气
600730,中国高科
601012,隆基绿能
301155,海力风电
002554,惠博普
301687,新广益
688517,金冠电气
300221,银禧科技
603396,金辰股份
688772,珠海冠宇
603175,超颖电子
920425,乐创技术
001289,龙源电力
600608,*ST沪科
600370,三房巷
001283,豪鹏科技
688638,誉辰智能
002396,星网锐捷
300277,汽轮科技
920701,豪声电子
300757,罗博特科
002448,中原内配
920242,建邦科技
300631,久吾高科
001382,新亚电缆
300632,光莆股份
300127,银河磁体
002526,山东矿机
000014,沙河股份
300720,海川智能
920305,*ST云创
002837,英维克
002629,仁智股份
301518,长华化学
000507,珠海港
920663,明阳科技
002782,可立克
301391,卡莱特
603353,和顺石油
600328,中盐化工
301062,上海艾录
688330,宏力达
002444,巨星科技
603773,沃格光电
920471,美邦科技
300932,三友联众
301030,仕净科技
603551,奥普科技
688819,天能股份
688266,泽璟制药-U
300160,秀强股份
600593,大连圣亚
300084,海默科技
301099,雅创电子
603683,晶华新材
688648,中邮科技
600185,珠免集团
600882,妙可蓝多
000927,中国铁物
300266,兴源环境
600685,中船防务
301160,翔楼新材
000617,中油资本
002355,兴民智通
920833,美心翼申
301027,华蓝集团
301188,力诺药包
601011,宝泰隆
300712,永福股份
002052,同洲电子
300185,通裕重工
002714,牧原股份
300376,易事特
603113,金能科技
301349,信德新材
002549,凯美特气
002121,科陆电子
600337,美克家居
688278,特宝生物
000425,徐工机械
603766,隆鑫通用
002606,大连电瓷
300274,阳光电源
000533,顺钠股份
920570,坤博精工
600292,电投水电
600483,福能股份
301119,正强股份
300316,晶盛机电
688800,瑞可达
600690,海尔智家
300051,琏升科技
301291,明阳电气
603381,永臻股份
688577,浙海德曼
600268,国电南自
600678,四川金顶
603822,ST嘉澳
601222,林洋能源
600510,黑牡丹
002273,水晶光电
300617,安靠智电
000973,佛塑科技
002112,三变科技
605389,长龄液压
000637,茂化实华
600322,津投城开
600962,国投中鲁
920395,朗鸿科技
002647,*ST仁东
600023,浙能电力
600017,日照港
688357,建龙微纳
300418,昆仑万维
600165,ST宁科
920932,科达自控
603110,东方材料
301179,泽宇智能
603391,力聚热能
002386,天原股份
301278,快可电子
601766,中国中车
603063,禾望电气
603213,镇洋发展
000020,深华发Ａ
002060,广东建工
920496,许昌智能
688737,中自科技
000921,海信家电
688655,迅捷兴
002200,*ST交投
688371,菲沃泰
603898,好莱客
600732,爱旭股份
301168,通灵股份
603286,日盈电子
688077,大地熊
600193,*ST创兴
300749,顶固集创
600408,安泰集团
600136,ST明诚
002577,雷柏科技
601567,三星医疗
000004,*ST国华
002490,山东墨龙
920166,海圣医疗
605178,时空科技
688455,科捷智能
002916,深南电路
600323,瀚蓝环境
300140,节能环境
002631,德尔未来
688707,振华新材
002323,雅博股份
603687,大胜达
000803,山高环能
600792,云煤能源
300473,德尔股份
601326,秦港股份
301668,昊创瑞通
600599,*ST熊猫
600157,永泰能源
600696,*ST岩石
600966,博汇纸业
000333,美的集团
002150,正泰电源
600168,武汉控股
688195,腾景科技
601700,风范股份
688408,中信博
000061,农 产 品
002664,信质集团
001301,尚太科技
300911,亿田智能
000883,湖北能源
600236,桂冠电力
600302,标准股份
603871,嘉友国际
002256,兆新股份
688472,阿特斯
002353,杰瑞股份
920770,艾能聚
002602,世纪华通
300365,恒华科技
920578,巨能股份
300001,特锐德
002635,安洁科技
603090,宏盛股份
603733,仙鹤股份
300559,佳发教育
002459,晶澳科技
920252,天宏锂电
601118,海南橡胶
002452,长高电新
000720,新能泰山
689009,九号公司-WD
301234,五洲医疗
603319,美湖股份
000036,华联控股
002608,江苏国信
301218,华是科技
600499,科达制造
300510,金冠股份
603806,福斯特
300014,亿纬锂能
920368,连城数控
605198,安德利
300867,圣元环保
002627,三峡旅游
002592,ST八菱
600603,广汇物流
600167,联美控股
600683,京投发展
920779,武汉蓝电
600011,华能国际
002367,康力电梯
600116,三峡水利
000534,万泽股份
000638,*ST万方
600395,盘江股份
688599,天合光能
002479,富春环保
300475,香农芯创
002630,ST华西
688410,山外山
300332,天壕能源
920010,凯添燃气
688429,时创能源
688498,源杰科技
603050,科林电气
002891,中宠股份
688125,安达智能
605507,国邦医药
002209,达 意 隆
600815,厦工股份
002053,云南能投
600995,南网储能
688788,科思科技
605169,洪通燃气
600719,大连热电
603727,博迈科
301656,联合动力
920145,恒合股份
603758,秦安股份
605183,确成股份
001269,欧晶科技
600698,湖南天雁
603366,日出东方
002350,北京科锐
300763,锦浪科技
603656,泰禾智能
603313,梦百合
300345,华民股份
000037,深南电A
002995,天地在线
603187,海容冷链
920106,林泰新材
603577,汇金通
300880,迦南智能
600969,郴电国际
000968,蓝焰控股
605011,杭州热电
000591,太阳能
600563,法拉电子
300264,佳创视讯
600149,廊坊发展
300724,捷佳伟创
001331,胜通能源
600578,京能电力
600800,渤海化学
603628,清源股份
000062,深圳华强
600027,华电国际
301281,科源制药
601865,福莱特
603013,亚普股份
002445,中南文化
603008,喜临门
688287,*ST观典
601368,绿城水务
603813,*ST原尚
920985,海泰新能
601218,吉鑫科技
000711,ST京蓝
688096,京源环保
600930,华电新能
605286,同力天启
600805,悦达投资
600207,安彩高科
001256,炜冈科技
300805,电声股份
300118,东方日升
300481,濮阳惠成
002218,拓日新能
301196,唯科科技
600509,天富能源
600355,*ST精伦
688348,昱能科技
688068,热景生物
002015,协鑫能科
002039,黔源电力
600468,百利电气
301373,凌玮科技
688759,必贝特-U
688032,禾迈股份
002616,长青集团
000600,建投能源
002506,协鑫集成
688036,传音控股
603393,新天然气
003035,南网能源
603693,江苏新能
300795,米奥会展
603992,松霖科技
002096,易普力
000875,电投绿能
601778,晶科科技
000690,宝新能源
002298,中电鑫龙
301105,鸿铭股份
300668,杰恩设计
000543,皖能电力
000524,岭南控股
688223,晶科能源
603105,芯能科技
688390,固德威
600868,梅雁吉祥
688411,海博思创
688726,拉普拉斯
300483,首华燃气
300335,迪森股份
000828,东莞控股
000537,绿发电力
600452,涪陵电力
920857,泓禧科技
688345,博力威
600681,百川能源
601991,大唐发电
600956,新天绿能
920641,格利尔
002056,横店东磁
000692,惠天热电
600722,金牛化工
601908,京运通
603373,安邦护卫
300889,爱克股份
300080,易成新能
600644,乐山电力
600101,明星电力
603059,倍加洁
601033,永兴股份
001258,立新能源
601016,节能风电
000899,赣能股份
300317,珈伟新能
605028,世茂能源
603312,西典新能
600744,华银电力
000791,甘肃能源
600098,广州发展
300040,九洲集团
600505,西昌电力
603697,有友食品
300286,安科瑞
600163,中闽能源
301609,山大电力
601330,绿色动力
600173,卧龙新能
600458,时代新材
688275,万润新能
605162,新中港
000027,深圳能源
000722,湖南发展
600032,浙江新能
000601,韶能股份
000531,穗恒运Ａ
000539,粤电力Ａ
000993,闽东电力
000966,长源电力
600979,广安爱众
603863,松炀资源
600821,金开新能
600617,国新能源
600780,通宝能源
001896,豫能控股
000862,银星能源
600982,宁波能源
600758,辽宁能源
000639,西王食品
600396,华电辽能
000767,晋控电力
600726,华电能源
688793,倍轻松
688485,九州一轨
920069,普昂医疗
300751,迈为股份
920680,广道退
920181,赛英电子
920055,隆源股份
920011,晨光电机
833994,翰博高新
833874,泰祥股份
832317,观典防务
810014,莱特定转
810013,万通定转
810011,优机定转
688813,泰金新能
688811,有研复材
688555,退市泽达
688175,高凌信息
688086,退市紫晶
605555,德昌股份
603996,退市中新
603963,*ST大药
603950,长源东谷
603933,睿能科技
603843,*ST正平
603603,退市博天
603555,ST贵人
603459,红板科技
603388,*ST元成
603293,埃泰克
603157,退市拉夏
603133,退市碳元
603056,德邦股份
603003,退市龙宇
601989,中国重工
601558,退市锐电
601299,中国北车
601268,*ST二重
601258,*ST庞大
601028,玉龙股份
600991,广汽长丰
600978,*ST宜生
600899,*ST信联
600898,*ST美讯
600896,退市海医
600891,退市秋林
600890,退市中房
600878,*ST北科
600870,退市厦华
600856,退市中天
600852,*ST中川
600849,上药转换
600842,中西药业
600840,新湖创业
600837,海通证券
600836,*ST易连
600832,东方明珠
600823,*ST世茂
600813,ST鞍一工
600811,*ST东方
600806,退市昆机
600804,退市鹏博
600799,*ST龙科
600788,*ST达曼
600786,东方锅炉
600781,退市辅仁
600772,S*ST龙昌
600767,退市运盛
600766,退市园城
600762,S*ST金荔
600752,*ST哈慈
600747,退市大控
600735,ST新华锦
600723,首商股份
600709,ST生态
600705,中航产融
600701,退市工新
600700,*ST数码
600695,退市绿庭
600687,退市刚泰
600680,*ST上普
600677,*ST航通
600672,*ST华圣
600670,*ST斯达
600669,*ST鞍成
600659,*ST花雕
600656,退市博元
600652,退市游久
600647,退市同达
600646,ST国嘉
600634,退市富控
600632,华联商厦
600631,百联股份
600627,上电股份
600625,PT水仙
600614,退市鹏起
600607,上实医药
600591,*ST上航
600581,八一钢铁
600565,ST迪马
600555,退市海创
600553,太行水泥
600532,退市未来
600485,*ST信威
600472,包头铝业
600466,*ST蓝光
600462,退市九有
600432,退市吉恩
600401,退市海润
600393,ST粤泰
600387,退市海越
600385,退市金泰
600357,承德钒钛
600321,正源股份
600317,营口港
600311,*ST荣华
600306,退市商城
600297,广汇汽车
600296,S兰铝
600291,退市西水
600290,*ST华仪
600286,S*ST国瓷
600277,ST亿利
600275,退市昌鱼
600270,外运发展
600263,路桥建设
600260,*ST凯乐
600253,天方药业
600249,两面针
600247,*ST成城
600242,退市中昌
600240,退市华业
600225,退市卓朗
600220,ST阳光
600213,*ST亚星
600209,退市罗顿
600205,S山东铝
600200,退市苏吴
600190,退市锦港
600181,S*ST云大
600175,退市美都
600146,退市环球
600145,退市新亿
600139,*ST西源
600122,*ST宏图
600112,*ST天成
600102,莱钢股份
600093,退市易见
600092,S*ST精密
600091,退市明科
600090,退市济堂
600087,退市长油
600086,退市金钰
600083,*ST博信
600077,*ST宋都
600074,退市保千
600070,*ST富润
600069,退市银鸽
600068,葛洲坝
600065,*ST联谊
600005,武钢股份
600003,ST东北高
600002,齐鲁石化
600001,邯郸钢铁
301696,三瑞智能
301683,慧谷新材
301666,大普微-W
301513,尚水智能
301309,万得凯
300992,泰福泵业
300799,左江退
300742,越博退
300736,百邦科技
300630,普利退
300526,中潜退
300495,*ST美尚
300431,暴风退
300392,腾信退
300379,东通退
300372,欣泰退
300367,网力退
300362,天翔退
300356,光一退
300344,*ST立方
300336,新文退
300330,计通退
300325,德威退
300312,邦讯退
300309,吉艾退
300297,蓝盾退
300282,三盛退
300280,紫天退
300273,和佳退
300262,*ST巴安
300216,千山退
300208,中程退
300202,聚龙退
300186,大华农
300178,腾邦退
300156,神雾退
300117,*ST嘉寓
300116,*ST保力
300108,*ST吉药
300104,乐视退
300097,ST智云
300090,盛运退
300089,文化退
300064,金刚退
300038,数知退
300028,金亚退
300023,宝德退
002781,奇信退
002776,*ST柏龙
002770,科迪退
002751,易尚退
002750,龙津退
002740,*ST爱迪
002718,友邦吊顶
002711,欧浦退
002699,*ST美盛
002684,猛狮退
002680,长生退
002665,ST航高
002621,*ST美吉
002619,*ST艾格
002618,丹邦退
002610,ST爱康
002604,龙力退
002538,司尔特
002509,天茂退
002505,鹏都农牧
002504,*ST弘高
002503,*ST搜特
002502,ST鼎龙
002499,科林退
002477,雏鹰退
002473,圣莱退
002464,众应退
002450,康得退
002447,晨鑫退
002435,ST长康
002433,太安退
002417,深南退
002411,必康退
002359,北讯退
002357,富临运业
002341,ST新纶
002336,人乐退
002325,*ST洪涛
002308,*ST威创
002288,*ST超华
002280,ST联络
002260,德奥退
002231,*ST奥维
002220,天宝退
002147,新光退
002143,印纪退
002118,*ST紫鑫
002113,*ST天润
002089,新海退
002087,新纺退
002071,长城退
002070,众和退
002018,华信退
002013,中航机电
002002,ST鸿达
001257,盛龙股份
000996,中期退
000982,中银绒业
000979,中弘退
000976,*ST华铁
000971,*ST高升
000961,ST中南
000959,首钢股份
000956,中原油气
000939,凯迪退
000918,*ST嘉凯
000916,华北高速
000866,扬子石化
000861,海印股份
000851,*ST高鸿
000836,ST富通
000835,长动退
000832,*ST龙涤
000827,*ST长兴
000817,辽河油田
000806,银河退
000805,*ST炎黄
000787,*ST创智
000780,ST平能
000769,*ST大菲
000765,*ST华信
000763,锦州石化
000760,斯太退
000748,长城信息
000732,ST泰禾
000730,*ST环保
000699,S*ST佳纸
000693,华泽退
000689,ST宏业
000687,华讯退
000675,ST银山
000673,当代退
000671,ST阳光城
000667,ST美置
000666,经纬纺机
000662,天夏退
000660,*ST南华
000658,ST海洋
000653,ST九州
000627,*ST天茂
000622,恒立退
000621,*ST比特
000618,吉林化工
000616,*ST海投
000613,东海A退
000611,天首退
000606,顺利退
000602,金马集团
000594,国恒退
000588,PT粤金曼
000587,*ST金洲
000585,东电退
000584,工智退
000583,S*ST托普
000578,盐湖集团
000569,长城股份
000562,宏源证券
000556,PT南洋
000549,S湘火炬
000542,TCL通讯
000540,*ST中天
000535,*ST猴王
000527,美的电器
000522,白云山A
000515,攀渝钛业
000511,烯碳退
000508,琼民源A
000502,绿景退
000418,小天鹅A
000416,*ST民控
000413,ST旭电
000412,ST五环
000406,石油大明
000405,ST鑫光
000150,*ST宜康
000047,ST中侨
000046,*ST泛海
000040,*ST旭蓝
000038,大通退
000033,新都退
000024,招商地产
000023,*ST深天
000018,神城A退
000015,PT中浩A
000013,*ST石化A
000005,ST星源
000003,PT金田A
